Cement,Blast_Furnace_Slag,Fly_Ash,Water,Superplasticizer,Coarse_Aggregate,Fine_Aggregate,Age,Concrete_Compressive_Strength
6.29156913955832,150.0,125.0,162.0,2.5,1040.0,676.0,0.07671232876712329,79.98611076
6.29156913955832,150.0,125.0,162.0,2.5,1055.0,676.0,0.07671232876712329,61.887365759999994
5.806639860095909,142.5,125.0,228.0,0.0,932.0,594.0,0.7397260273972602,40.269535256000005
5.806639860095909,142.5,125.0,228.0,0.0,932.0,594.0,1.0,41.052779992
5.291292751611072,132.4,125.0,192.0,0.0,978.4,825.5,0.9863013698630136,44.296075096
5.583496308781699,114.0,125.0,228.0,0.0,932.0,670.0,0.2465753424657534,47.029847436000004
5.940171252720432,95.0,125.0,228.0,0.0,932.0,594.0,1.0,43.698299404
5.940171252720432,95.0,125.0,228.0,0.0,932.0,594.0,0.07671232876712329,36.447769788
5.583496308781699,114.0,125.0,228.0,0.0,932.0,670.0,0.07671232876712329,45.854290856
6.163314804034641,150.0,125.0,228.0,0.0,932.0,594.0,0.07671232876712329,39.28978986
5.291292751611072,132.4,125.0,192.0,0.0,978.4,825.5,0.2465753424657534,38.074243671999994
5.291292751611072,132.4,125.0,192.0,0.0,978.4,825.5,0.07671232876712329,28.021683592
6.0579542883768145,47.5,125.0,228.0,0.0,932.0,594.0,0.7397260273972602,43.01296026
5.247024072160486,190.0,125.0,228.0,0.0,932.0,670.0,0.2465753424657534,42.32693164
5.717027701406222,76.0,125.0,228.0,0.0,932.0,670.0,0.07671232876712329,47.813781648
5.940171252720432,150.0,125.0,228.0,0.0,932.0,670.0,0.2465753424657534,52.908319811999995
4.938781190328272,209.4,125.0,192.0,0.0,1047.0,806.9,0.2465753424657534,39.358047983999995
5.834810737062605,38.0,125.0,228.0,0.0,932.0,670.0,1.0,56.141962252
5.940171252720432,95.0,125.0,228.0,0.0,932.0,594.0,0.2465753424657534,40.563252031999994
6.163314804034641,150.0,125.0,228.0,0.0,932.0,594.0,0.4931506849315068,42.620648416
6.0579542883768145,47.5,125.0,228.0,0.0,932.0,594.0,0.4931506849315068,41.836714203999996
4.938781190328272,209.4,125.0,192.0,0.0,1047.0,806.9,0.07671232876712329,28.23748958
4.938781190328272,209.4,125.0,192.0,0.0,1047.0,806.9,0.00821917808219178,8.06342182
4.938781190328272,209.4,125.0,192.0,0.0,1047.0,806.9,0.4931506849315068,44.207822168
5.940171252720432,150.0,125.0,228.0,0.0,932.0,670.0,1.0,52.516697443999995
5.940171252720432,150.0,125.0,228.0,0.0,932.0,670.0,0.7397260273972602,53.300631656
5.940171252720432,95.0,125.0,228.0,0.0,932.0,594.0,0.7397260273972602,41.15137506
5.834810737062605,38.0,125.0,228.0,0.0,932.0,670.0,0.4931506849315068,52.1243856
6.0579542883768145,47.5,125.0,228.0,0.0,932.0,594.0,0.07671232876712329,37.427515183999994
6.163314804034641,150.0,125.0,228.0,0.0,932.0,594.0,0.019178082191780823,38.60376124
5.717027701406222,76.0,125.0,228.0,0.0,932.0,670.0,1.0,55.260122448
5.583496308781699,114.0,125.0,228.0,0.0,932.0,670.0,1.0,52.908319811999995
5.291292751611072,132.4,125.0,192.0,0.0,978.4,825.5,0.4931506849315068,41.719503284
6.163314804034641,150.0,125.0,228.0,0.0,932.0,594.0,0.7397260273972602,42.131120456
5.247024072160486,190.0,125.0,228.0,0.0,932.0,670.0,1.0,53.69225402399999
5.470167623474696,237.5,125.0,228.0,0.0,932.0,594.0,0.7397260273972602,38.407950056000004
5.470167623474696,237.5,125.0,228.0,0.0,932.0,594.0,0.07671232876712329,30.079769451999997
5.806639860095909,142.5,125.0,228.0,0.0,932.0,594.0,0.2465753424657534,37.721921436
6.163314804034641,150.0,125.0,228.0,0.0,932.0,594.0,0.2465753424657534,42.229026048
5.470167623474696,237.5,125.0,228.0,0.0,932.0,594.0,0.4931506849315068,36.251958603999995
5.834810737062605,38.0,125.0,228.0,0.0,932.0,670.0,0.2465753424657534,50.45930106
6.0579542883768145,47.5,125.0,228.0,0.0,932.0,594.0,1.0,43.698299404
5.470167623474696,237.5,125.0,228.0,0.0,932.0,594.0,1.0,38.995383608
5.940171252720432,150.0,125.0,228.0,0.0,932.0,670.0,0.4931506849315068,53.104130996
6.0579542883768145,47.5,125.0,228.0,0.0,932.0,594.0,0.2465753424657534,41.542997428
6.0579542883768145,47.5,125.0,228.0,0.0,932.0,594.0,0.019178082191780823,35.076402024
5.855071922202427,150.0,125.0,192.0,0.0,1047.0,806.9,0.00821917808219178,15.049192651999999
5.940171252720432,95.0,125.0,228.0,0.0,932.0,594.0,0.4931506849315068,40.759063216
5.470167623474696,237.5,125.0,228.0,0.0,932.0,594.0,0.019178082191780823,26.258003984
5.940171252720432,95.0,125.0,228.0,0.0,932.0,594.0,0.019178082191780823,32.823194456
5.806639860095909,142.5,125.0,228.0,0.0,932.0,594.0,0.4931506849315068,39.779317819999996
5.247024072160486,190.0,125.0,228.0,0.0,932.0,670.0,0.4931506849315068,46.931941843999994
5.470167623474696,237.5,125.0,228.0,0.0,932.0,594.0,0.2465753424657534,33.116911232
5.717027701406222,76.0,125.0,228.0,0.0,932.0,670.0,0.2465753424657534,49.185149411999994
4.938781190328272,209.4,125.0,192.0,0.0,1047.0,806.9,0.019178082191780823,14.589312159999999
5.291292751611072,132.4,125.0,192.0,0.0,978.4,825.5,0.019178082191780823,14.638264955999999
6.163314804034641,150.0,125.0,228.0,0.0,932.0,594.0,1.0,41.934619796
5.291292751611072,132.4,125.0,192.0,0.0,978.4,825.5,0.00821917808219178,9.131420144
5.717027701406222,76.0,125.0,228.0,0.0,932.0,670.0,0.4931506849315068,50.94882902
5.806639860095909,142.5,125.0,228.0,0.0,932.0,594.0,0.07671232876712329,33.019005639999996
5.717027701406222,76.0,125.0,228.0,0.0,932.0,670.0,0.7397260273972602,54.378282643999995
5.583496308781699,114.0,125.0,228.0,0.0,932.0,670.0,0.7397260273972602,51.732763231999996
5.736572297479192,150.0,125.0,192.0,0.0,971.0,850.6,0.00821917808219178,9.86640156
5.247024072160486,190.0,125.0,228.0,0.0,932.0,670.0,0.7397260273972602,50.655112243999994
5.583496308781699,114.0,125.0,228.0,0.0,932.0,670.0,0.4931506849315068,48.695621452
5.834810737062605,38.0,125.0,228.0,0.0,932.0,670.0,0.7397260273972602,55.064311264
4.938781190328272,209.4,125.0,192.0,0.0,1047.0,806.9,0.9863013698630136,44.698039603999995
5.806639860095909,142.5,125.0,228.0,0.0,932.0,594.0,0.019178082191780823,30.275580636
5.247024072160486,190.0,125.0,228.0,0.0,932.0,670.0,0.07671232876712329,40.856968808
6.184148890937483,150.0,125.0,146.0,0.0,1120.0,800.0,0.07671232876712329,71.98818916
5.924255797414532,189.2,125.0,170.1,10.1,926.1,756.7,0.00821917808219178,34.39795764
5.747161197958146,262.2,125.0,175.5,8.6,1046.9,611.8,0.00821917808219178,28.79941252
6.052089168924417,106.3,125.0,153.5,16.5,852.1,887.1,0.00821917808219178,33.398217439999996
6.052089168924417,106.3,125.0,151.4,18.6,936.0,803.7,0.00821917808219178,36.3009114
5.926926025970411,93.8,125.0,126.6,23.4,852.1,992.6,0.00821917808219178,28.99936056
6.163314804034641,118.8,125.0,181.1,8.9,852.1,781.5,0.00821917808219178,37.79707432
6.150602768446279,117.2,125.0,137.8,32.2,852.1,840.5,0.00821917808219178,40.1964508
6.052089168924417,106.3,125.0,153.5,16.5,852.1,887.1,0.00821917808219178,33.398217439999996
5.96255053694334,97.1,125.0,157.9,12.1,852.1,925.7,0.00821917808219178,28.096147
6.275326833456898,150.0,125.0,141.8,28.2,852.1,893.7,0.00821917808219178,41.2996124
6.052089168924417,106.3,125.0,153.5,16.5,852.1,887.1,0.00821917808219178,33.398217439999996
5.76456394691606,212.5,125.0,155.7,14.3,852.1,880.4,0.00821917808219178,25.2003478
5.995954452380834,94.7,125.0,147.4,11.4,946.8,852.1,0.00821917808219178,41.09966436
5.89330029832075,189.0,125.0,164.9,11.6,944.7,755.8,0.00821917808219178,35.3011712
5.779817160932199,282.8,125.0,183.8,10.3,942.7,659.9,0.00821917808219178,28.296095039999997
5.938854596835685,151.2,125.0,153.9,15.9,1134.3,605.0,0.00821917808219178,28.599464479999998
5.89330029832075,189.0,125.0,164.9,11.6,944.7,755.8,0.00821917808219178,35.3011712
5.65704021210407,200.9,125.0,144.7,11.2,1004.6,803.7,0.00821917808219178,24.40055564
5.89330029832075,189.0,125.0,164.9,11.6,944.7,755.8,0.00821917808219178,35.3011712
6.0844994130751715,177.0,125.0,186.0,11.1,884.9,707.9,0.00821917808219178,39.300132
5.965890295988552,189.0,125.0,145.9,22.0,944.7,755.8,0.00821917808219178,40.59634688
5.89330029832075,189.0,125.0,164.9,11.6,944.7,755.8,0.00821917808219178,35.3011712
5.822749993720244,189.0,125.0,174.9,9.5,944.7,755.8,0.00821917808219178,24.0971862
5.924255797414532,189.2,125.0,170.1,10.1,926.1,756.7,0.019178082191780823,46.20178676
5.747161197958146,262.2,125.0,175.5,8.6,1046.9,611.8,0.019178082191780823,42.79577532
6.052089168924417,106.3,125.0,153.5,16.5,852.1,887.1,0.019178082191780823,49.20100736
6.052089168924417,106.3,125.0,151.4,18.6,936.0,803.7,0.019178082191780823,46.80163088
5.926926025970411,93.8,125.0,126.6,23.4,852.1,992.6,0.019178082191780823,45.69846928
6.163314804034641,118.8,125.0,181.1,8.9,852.1,781.5,0.019178082191780823,55.59934464
6.150602768446279,117.2,125.0,137.8,32.2,852.1,840.5,0.019178082191780823,54.896079119999996
6.052089168924417,106.3,125.0,153.5,16.5,852.1,887.1,0.019178082191780823,49.20100736
5.96255053694334,97.1,125.0,157.9,12.1,852.1,925.7,0.019178082191780823,34.90127512
6.275326833456898,150.0,125.0,141.8,28.2,852.1,893.7,0.019178082191780823,46.89815752
6.052089168924417,106.3,125.0,153.5,16.5,852.1,887.1,0.019178082191780823,49.20100736
5.76456394691606,212.5,125.0,155.7,14.3,852.1,880.4,0.019178082191780823,33.398217439999996
5.995954452380834,94.7,125.0,147.4,11.4,946.8,852.1,0.019178082191780823,54.09628696
5.89330029832075,189.0,125.0,164.9,11.6,944.7,755.8,0.019178082191780823,55.89581932
5.779817160932199,282.8,125.0,183.8,10.3,942.7,659.9,0.019178082191780823,49.80085148
5.938854596835685,151.2,125.0,153.9,15.9,1134.3,605.0,0.019178082191780823,47.09810556
5.89330029832075,189.0,125.0,164.9,11.6,944.7,755.8,0.019178082191780823,55.89581932
5.65704021210407,200.9,125.0,144.7,11.2,1004.6,803.7,0.019178082191780823,37.997022359999995
5.89330029832075,189.0,125.0,164.9,11.6,944.7,755.8,0.019178082191780823,55.89581932
6.0844994130751715,177.0,125.0,186.0,11.1,884.9,707.9,0.019178082191780823,56.095767359999996
5.965890295988552,189.0,125.0,145.9,22.0,944.7,755.8,0.019178082191780823,59.09498796
5.89330029832075,189.0,125.0,164.9,11.6,944.7,755.8,0.019178082191780823,22.89749796
5.822749993720244,189.0,125.0,174.9,9.5,944.7,755.8,0.019178082191780823,35.101223159999996
5.924255797414532,189.2,125.0,170.1,10.1,926.1,756.7,0.07671232876712329,61.09446836
5.747161197958146,262.2,125.0,175.5,8.6,1046.9,611.8,0.07671232876712329,59.79825348
6.052089168924417,106.3,125.0,153.5,16.5,852.1,887.1,0.07671232876712329,60.2946762
6.052089168924417,106.3,125.0,151.4,18.6,936.0,803.7,0.07671232876712329,61.797733879999996
5.926926025970411,93.8,125.0,126.6,23.4,852.1,992.6,0.07671232876712329,56.69561148
6.163314804034641,118.8,125.0,181.1,8.9,852.1,781.5,0.07671232876712329,68.29949256
6.150602768446279,117.2,125.0,137.8,32.2,852.1,840.5,0.07671232876712329,66.89985628
6.052089168924417,106.3,125.0,153.5,16.5,852.1,887.1,0.07671232876712329,60.2946762
5.96255053694334,97.1,125.0,157.9,12.1,852.1,925.7,0.07671232876712329,50.69717028
6.275326833456898,150.0,125.0,141.8,28.2,852.1,893.7,0.07671232876712329,56.3991368
6.052089168924417,106.3,125.0,153.5,16.5,852.1,887.1,0.07671232876712329,60.2946762
5.76456394691606,212.5,125.0,155.7,14.3,852.1,880.4,0.07671232876712329,55.495923239999996
5.995954452380834,94.7,125.0,147.4,11.4,946.8,852.1,0.07671232876712329,68.4994406
5.89330029832075,189.0,125.0,164.9,11.6,944.7,755.8,0.07671232876712329,71.29871315999999
5.779817160932199,282.8,125.0,183.8,10.3,942.7,659.9,0.07671232876712329,74.69782984
5.938854596835685,151.2,125.0,153.9,15.9,1134.3,605.0,0.07671232876712329,52.20022796
5.89330029832075,189.0,125.0,164.9,11.6,944.7,755.8,0.07671232876712329,71.29871315999999
5.65704021210407,200.9,125.0,144.7,11.2,1004.6,803.7,0.07671232876712329,67.69964844
5.89330029832075,189.0,125.0,164.9,11.6,944.7,755.8,0.07671232876712329,71.29871315999999
6.0844994130751715,177.0,125.0,186.0,11.1,884.9,707.9,0.07671232876712329,65.99664272
5.965890295988552,189.0,125.0,145.9,22.0,944.7,755.8,0.07671232876712329,74.4978818
5.89330029832075,189.0,125.0,164.9,11.6,944.7,755.8,0.07671232876712329,71.29871315999999
5.822749993720244,189.0,125.0,174.9,9.5,944.7,755.8,0.07671232876712329,49.89737812
5.924255797414532,189.2,125.0,170.1,10.1,926.1,756.7,0.15342465753424658,63.3973182
5.747161197958146,262.2,125.0,175.5,8.6,1046.9,611.8,0.15342465753424658,64.90037588
6.052089168924417,106.3,125.0,153.5,16.5,852.1,887.1,0.15342465753424658,64.30053176
6.052089168924417,106.3,125.0,151.4,18.6,936.0,803.7,0.15342465753424658,64.90037588
5.926926025970411,93.8,125.0,126.6,23.4,852.1,992.6,0.15342465753424658,60.19814956
6.163314804034641,118.8,125.0,181.1,8.9,852.1,781.5,0.15342465753424658,72.29845336
6.150602768446279,117.2,125.0,137.8,32.2,852.1,840.5,0.15342465753424658,69.29923276
6.052089168924417,106.3,125.0,153.5,16.5,852.1,887.1,0.15342465753424658,64.30053176
5.96255053694334,97.1,125.0,157.9,12.1,852.1,925.7,0.15342465753424658,55.19944856
6.275326833456898,150.0,125.0,141.8,28.2,852.1,893.7,0.15342465753424658,58.798513279999995
6.052089168924417,106.3,125.0,153.5,16.5,852.1,887.1,0.15342465753424658,64.30053176
5.76456394691606,212.5,125.0,155.7,14.3,852.1,880.4,0.15342465753424658,66.10006412
5.995954452380834,94.7,125.0,147.4,11.4,946.8,852.1,0.15342465753424658,73.69808963999999
5.89330029832075,189.0,125.0,164.9,11.6,944.7,755.8,0.15342465753424658,77.29715436
5.779817160932199,282.8,125.0,183.8,10.3,942.7,659.9,0.15342465753424658,80.19984832
5.938854596835685,151.2,125.0,153.9,15.9,1134.3,605.0,0.15342465753424658,54.896079119999996
5.89330029832075,189.0,125.0,164.9,11.6,944.7,755.8,0.15342465753424658,77.29715436
5.65704021210407,200.9,125.0,144.7,11.2,1004.6,803.7,0.15342465753424658,72.99482412
5.89330029832075,189.0,125.0,164.9,11.6,944.7,755.8,0.15342465753424658,77.29715436
6.0844994130751715,177.0,125.0,186.0,11.1,884.9,707.9,0.15342465753424658,71.69860924
5.965890295988552,189.0,125.0,145.9,22.0,944.7,755.8,0.15342465753424658,79.40005615999999
5.89330029832075,189.0,125.0,164.9,11.6,944.7,755.8,0.15342465753424658,77.29715436
5.822749993720244,189.0,125.0,174.9,9.5,944.7,755.8,0.15342465753424658,59.89478012
5.924255797414532,189.2,125.0,170.1,10.1,926.1,756.7,0.2493150684931507,64.90037588
5.747161197958146,262.2,125.0,175.5,8.6,1046.9,611.8,0.2493150684931507,66.59648684
6.052089168924417,106.3,125.0,153.5,16.5,852.1,887.1,0.2493150684931507,65.19685056
6.052089168924417,106.3,125.0,151.4,18.6,936.0,803.7,0.2493150684931507,66.69990824
5.926926025970411,93.8,125.0,126.6,23.4,852.1,992.6,0.2493150684931507,62.5009994
6.163314804034641,118.8,125.0,181.1,8.9,852.1,781.5,0.2493150684931507,74.19451236
6.150602768446279,117.2,125.0,137.8,32.2,852.1,840.5,0.2493150684931507,70.69886903999999
6.052089168924417,106.3,125.0,153.5,16.5,852.1,887.1,0.2493150684931507,65.19685056
5.96255053694334,97.1,125.0,157.9,12.1,852.1,925.7,0.2493150684931507,57.59882504
6.275326833456898,150.0,125.0,141.8,28.2,852.1,893.7,0.2493150684931507,59.19840936
6.052089168924417,106.3,125.0,153.5,16.5,852.1,887.1,0.2493150684931507,65.19685056
5.76456394691606,212.5,125.0,155.7,14.3,852.1,880.4,0.2493150684931507,68.09954452
5.995954452380834,94.7,125.0,147.4,11.4,946.8,852.1,0.2493150684931507,75.49762199999999
5.89330029832075,189.0,125.0,164.9,11.6,944.7,755.8,0.2493150684931507,79.29663476
5.938854596835685,151.2,125.0,153.9,15.9,1134.3,605.0,0.2493150684931507,56.49566344
5.89330029832075,189.0,125.0,164.9,11.6,944.7,755.8,0.2493150684931507,79.29663476
5.65704021210407,200.9,125.0,144.7,11.2,1004.6,803.7,0.2493150684931507,76.80073164
5.89330029832075,189.0,125.0,164.9,11.6,944.7,755.8,0.2493150684931507,79.29663476
6.0844994130751715,177.0,125.0,186.0,11.1,884.9,707.9,0.2493150684931507,73.29819356
5.965890295988552,189.0,125.0,145.9,22.0,944.7,755.8,0.2493150684931507,82.5992248
5.89330029832075,189.0,125.0,164.9,11.6,944.7,755.8,0.2493150684931507,79.29663476
5.822749993720244,189.0,125.0,174.9,9.5,944.7,755.8,0.2493150684931507,67.79617508
5.404297690085269,150.0,96.67,189.29,4.46,967.08,870.32,0.00821917808219178,11.57630204
5.404297690085269,150.0,96.67,189.29,4.46,967.08,870.32,0.038356164383561646,24.44881896
5.404297690085269,150.0,96.67,189.29,4.46,967.08,870.32,0.07671232876712329,24.8900836
5.404297690085269,150.0,96.67,189.29,4.46,967.08,870.32,0.15342465753424658,29.447519959999997
5.404297690085269,150.0,96.67,189.29,4.46,967.08,870.32,0.273972602739726,40.7135578
5.454508819722947,150.0,94.58,197.89,4.567,947.04,852.16,0.00821917808219178,10.38350856
5.454508819722947,150.0,94.58,197.89,4.567,947.04,852.16,0.038356164383561646,22.13907436
5.454508819722947,150.0,94.58,197.89,4.567,947.04,852.16,0.07671232876712329,22.83544512
5.454508819722947,150.0,94.58,197.89,4.567,947.04,852.16,0.15342465753424658,27.66177712
5.454508819722947,150.0,94.58,197.89,4.567,947.04,852.16,0.273972602739726,34.55653712
5.271357184965254,150.0,100.52,165.62,7.48,1006.4,905.9,0.00821917808219178,12.45193656
5.271357184965254,150.0,100.52,165.62,7.48,1006.4,905.9,0.038356164383561646,24.986610239999997
5.271357184965254,150.0,100.52,165.62,7.48,1006.4,905.9,0.07671232876712329,25.72434956
5.271357184965254,150.0,100.52,165.62,7.48,1006.4,905.9,0.15342465753424658,33.963587759999996
5.271357184965254,150.0,100.52,165.62,7.48,1006.4,905.9,0.273972602739726,37.34202016
5.250596630336625,150.0,125.4,162.14,7.77,1090.0,804.01,0.00821917808219178,15.04436632
5.250596630336625,150.0,125.4,162.14,7.77,1090.0,804.01,0.038356164383561646,21.063491799999998
5.250596630336625,150.0,125.4,162.14,7.77,1090.0,804.01,0.07671232876712329,26.40003604
5.250596630336625,150.0,125.4,162.14,7.77,1090.0,804.01,0.15342465753424658,35.34253976
5.250596630336625,150.0,125.4,162.14,7.77,1090.0,804.01,0.273972602739726,40.56876784
5.356916408850973,150.0,121.62,180.31,5.69,1057.6,779.32,0.00821917808219178,12.47262084
5.356916408850973,150.0,121.62,180.31,5.69,1057.6,779.32,0.038356164383561646,20.91870184
5.356916408850973,150.0,121.62,180.31,5.69,1057.6,779.32,0.07671232876712329,24.90387312
5.356916408850973,150.0,121.62,180.31,5.69,1057.6,779.32,0.15342465753424658,34.20490436
5.356916408850973,150.0,121.62,180.31,5.69,1057.6,779.32,0.273972602739726,39.6103962
5.43794886563323,150.0,118.31,195.47,4.63,1029.4,758.59,0.00821917808219178,10.0318758
5.43794886563323,150.0,118.31,195.47,4.63,1029.4,758.59,0.038356164383561646,20.08443588
5.43794886563323,150.0,118.31,195.47,4.63,1029.4,758.59,0.07671232876712329,24.483292759999998
5.43794886563323,150.0,118.31,195.47,4.63,1029.4,758.59,0.15342465753424658,31.53663224
5.43794886563323,150.0,118.31,195.47,4.63,1029.4,758.59,0.273972602739726,35.34253976
5.248811946644198,150.0,125.18,161.85,9.88,1088.1,802.59,0.00821917808219178,9.4458212
5.248811946644198,150.0,125.18,161.85,9.88,1088.1,802.59,0.038356164383561646,22.718234199999998
5.248811946644198,150.0,125.18,161.85,9.88,1088.1,802.59,0.07671232876712329,28.46846404
5.248811946644198,150.0,125.18,161.85,9.88,1088.1,802.59,0.15342465753424658,38.56239268
5.248811946644198,150.0,125.18,161.85,9.88,1088.1,802.59,0.273972602739726,40.38950408
5.112529810110908,150.0,163.27,176.46,4.49,1058.6,780.09,0.00821917808219178,10.76272036
5.112529810110908,150.0,163.27,176.46,4.49,1058.6,780.09,0.038356164383561646,25.48303296
5.112529810110908,150.0,163.27,176.46,4.49,1058.6,780.09,0.07671232876712329,21.53923024
5.112529810110908,150.0,163.27,176.46,4.49,1058.6,780.09,0.15342465753424658,28.62704352
5.112529810110908,150.0,163.27,176.46,4.49,1058.6,780.09,0.273972602739726,33.5430074
5.123666316058301,42.08,163.83,121.75,5.72,1058.7,780.11,0.00821917808219178,7.74971024
5.123666316058301,42.08,163.83,121.75,5.72,1058.7,780.11,0.038356164383561646,17.8229546
5.123666316058301,42.08,163.83,121.75,5.72,1058.7,780.11,0.07671232876712329,24.24197616
5.123666316058301,42.08,163.83,121.75,5.72,1058.7,780.11,0.15342465753424658,32.8535314
5.123666316058301,42.08,163.83,121.75,5.72,1058.7,780.11,0.273972602739726,39.2311844
5.36466674708957,98.05,24.51,181.71,6.86,1065.8,785.38,0.00821917808219178,17.9953236
5.36466674708957,98.05,24.51,181.71,6.86,1065.8,785.38,0.038356164383561646,30.38520732
5.36466674708957,98.05,24.51,181.71,6.86,1065.8,785.38,0.07671232876712329,45.70536404
5.36466674708957,98.05,24.51,181.71,6.86,1065.8,785.38,0.15342465753424658,50.77301264
5.36466674708957,98.05,24.51,181.71,6.86,1065.8,785.38,0.273972602739726,53.90323368
5.3648538903482805,98.06,24.52,181.74,6.65,1066.0,785.52,0.00821917808219178,13.18278112
5.3648538903482805,98.06,24.52,181.74,6.65,1066.0,785.52,0.038356164383561646,17.83674412
5.3648538903482805,98.06,24.52,181.74,6.65,1066.0,785.52,0.07671232876712329,40.2309246
5.3648538903482805,98.06,24.52,181.74,6.65,1066.0,785.52,0.15342465753424658,47.13257936
5.3648538903482805,98.06,24.52,181.74,6.65,1066.0,785.52,0.273972602739726,49.973220479999995
5.436687035812809,150.0,118.16,195.23,6.13,1028.1,757.63,0.00821917808219178,13.35515012
5.436687035812809,150.0,118.16,195.23,6.13,1028.1,757.63,0.038356164383561646,22.31833812
5.436687035812809,150.0,118.16,195.23,6.13,1028.1,757.63,0.07671232876712329,24.53845084
5.436687035812809,150.0,118.16,195.23,6.13,1028.1,757.63,0.15342465753424658,31.35047372
5.436687035812809,150.0,118.16,195.23,6.13,1028.1,757.63,0.273972602739726,40.85834776
5.472480735640528,150.0,94.11,186.66,7.0,949.91,847.01,0.00821917808219178,19.93275116
5.472480735640528,150.0,94.11,186.66,7.0,949.91,847.01,0.038356164383561646,25.68987576
5.472480735640528,150.0,94.11,186.66,7.0,949.91,847.01,0.07671232876712329,30.2335226
5.472480735640528,150.0,94.11,186.66,7.0,949.91,847.01,0.15342465753424658,39.58971192
5.472480735640528,150.0,94.11,186.66,7.0,949.91,847.01,0.273972602739726,44.298833
5.521460917862246,150.0,95.69,187.42,5.53,956.86,861.17,0.00821917808219178,13.817099039999999
5.521460917862246,150.0,95.69,187.42,5.53,956.86,861.17,0.038356164383561646,24.91766264
5.521460917862246,150.0,95.69,187.42,5.53,956.86,861.17,0.07671232876712329,29.21999288
5.521460917862246,150.0,95.69,187.42,5.53,956.86,861.17,0.15342465753424658,38.32797084
5.521460917862246,150.0,95.69,187.42,5.53,956.86,861.17,0.273972602739726,42.347615919999996
5.359036101582743,150.0,100.37,159.32,8.71,1007.8,903.59,0.00821917808219178,13.54130864
5.359036101582743,150.0,100.37,159.32,8.71,1007.8,903.59,0.038356164383561646,26.310404159999997
5.359036101582743,150.0,100.37,159.32,8.71,1007.8,903.59,0.07671232876712329,31.640053639999998
5.359036101582743,150.0,100.37,159.32,8.71,1007.8,903.59,0.15342465753424658,42.54756396
5.359036101582743,150.0,100.37,159.32,8.71,1007.8,903.59,0.273972602739726,42.919881
5.359271345885034,150.0,100.39,159.35,10.37,1003.8,903.79,0.00821917808219178,13.33446584
5.359271345885034,150.0,100.39,159.35,10.37,1003.8,903.79,0.038356164383561646,25.3727168
5.359271345885034,150.0,100.39,159.35,10.37,1003.8,903.79,0.07671232876712329,37.404073
5.359271345885034,150.0,100.39,159.35,10.37,1003.8,903.79,0.15342465753424658,44.395359639999995
5.359271345885034,150.0,100.39,159.35,10.37,1003.8,903.79,0.273972602739726,47.739318239999996
5.356586274672012,150.0,124.78,159.0,7.84,1085.4,799.54,0.00821917808219178,19.519065559999998
5.356586274672012,150.0,124.78,159.0,7.84,1085.4,799.54,0.038356164383561646,31.35047372
5.356586274672012,150.0,124.78,159.0,7.84,1085.4,799.54,0.07671232876712329,38.500339839999995
5.356586274672012,150.0,124.78,159.0,7.84,1085.4,799.54,0.15342465753424658,45.08483564
5.356586274672012,150.0,124.78,159.0,7.84,1085.4,799.54,0.273972602739726,47.8151606
5.445659204445964,150.0,121.62,173.96,6.72,1056.4,778.45,0.00821917808219178,15.43736764
5.445659204445964,150.0,121.62,173.96,6.72,1056.4,778.45,0.038356164383561646,26.77235308
5.445659204445964,150.0,121.62,173.96,6.72,1056.4,778.45,0.07671232876712329,33.72916592
5.445659204445964,150.0,121.62,173.96,6.72,1056.4,778.45,0.15342465753424658,42.69924868
5.445659204445964,150.0,121.62,173.96,6.72,1056.4,778.45,0.273972602739726,45.83636448
5.5269259572933045,150.0,118.27,188.45,5.75,1028.4,757.73,0.00821917808219178,17.22311048
5.5269259572933045,150.0,118.27,188.45,5.75,1028.4,757.73,0.038356164383561646,29.93015316
5.5269259572933045,150.0,118.27,188.45,5.75,1028.4,757.73,0.07671232876712329,29.654362759999998
5.5269259572933045,150.0,118.27,188.45,5.75,1028.4,757.73,0.15342465753424658,36.96970312
5.5269259572933045,150.0,118.27,188.45,5.75,1028.4,757.73,0.273972602739726,43.58177796
5.5269259572933045,150.0,118.27,188.45,6.35,1028.4,757.73,0.00821917808219178,13.12072828
5.5269259572933045,150.0,118.27,188.45,6.35,1028.4,757.73,0.038356164383561646,24.42813468
5.5269259572933045,150.0,118.27,188.45,6.35,1028.4,757.73,0.07671232876712329,32.66047812
5.5269259572933045,150.0,118.27,188.45,6.35,1028.4,757.73,0.15342465753424658,36.63875464
5.5269259572933045,150.0,118.27,188.45,6.35,1028.4,757.73,0.273972602739726,44.209201119999996
5.200594278019421,150.0,167.01,169.59,7.56,1055.6,777.8,0.00821917808219178,13.62404576
5.200594278019421,150.0,167.01,169.59,7.56,1055.6,777.8,0.038356164383561646,21.601283079999998
5.200594278019421,150.0,167.01,169.59,7.56,1055.6,777.8,0.07671232876712329,27.77209328
5.200594278019421,150.0,167.01,169.59,7.56,1055.6,777.8,0.15342465753424658,35.570066839999996
5.200594278019421,150.0,167.01,169.59,7.56,1055.6,777.8,0.273972602739726,45.3675208
5.204226443148441,45.21,121.97,170.21,8.19,1059.4,780.65,0.00821917808219178,7.3153403599999995
5.204226443148441,45.21,121.97,170.21,8.19,1059.4,780.65,0.038356164383561646,21.504756439999998
5.204226443148441,45.21,121.97,170.21,8.19,1059.4,780.65,0.07671232876712329,31.2677366
5.204226443148441,45.21,121.97,170.21,8.19,1059.4,780.65,0.15342465753424658,43.49904084
5.204226443148441,45.21,121.97,170.21,8.19,1059.4,780.65,0.273972602739726,48.67011084
5.129188403540065,42.22,124.25,158.33,10.83,1080.8,796.15,0.00821917808219178,7.3980774799999995
5.129188403540065,42.22,124.25,158.33,10.83,1080.8,796.15,0.038356164383561646,23.5111316
5.129188403540065,42.22,124.25,158.33,10.83,1080.8,796.15,0.07671232876712329,31.11605188
5.129188403540065,42.22,124.25,158.33,10.83,1080.8,796.15,0.15342465753424658,39.14844728
5.129188403540065,42.22,124.25,158.33,10.83,1080.8,796.15,0.273972602739726,48.15300384
5.671087091818059,150.0,96.18,168.08,9.41,961.18,865.0,0.00821917808219178,22.50449664
5.671087091818059,150.0,96.18,168.08,9.41,961.18,865.0,0.038356164383561646,34.67374804
5.671087091818059,150.0,96.18,168.08,9.41,961.18,865.0,0.07671232876712329,34.73580088
5.671087091818059,150.0,96.18,168.08,9.41,961.18,865.0,0.15342465753424658,45.08483564
5.671087091818059,150.0,96.18,168.08,9.41,961.18,865.0,0.273972602739726,48.97348028
5.6241979953133585,150.0,97.39,160.6,11.83,973.9,875.61,0.00821917808219178,23.13881456
5.6241979953133585,150.0,97.39,160.6,11.83,973.9,875.61,0.038356164383561646,41.885667
5.6241979953133585,150.0,97.39,160.6,11.83,973.9,875.61,0.07671232876712329,48.28400428
5.6241979953133585,150.0,97.39,160.6,11.83,973.9,875.61,0.15342465753424658,51.03501352
5.6241979953133585,150.0,97.39,160.6,11.83,973.9,875.61,0.273972602739726,55.6407132
5.689379244345457,150.0,95.64,171.54,8.87,955.14,859.2,0.00821917808219178,22.94576128
5.689379244345457,150.0,95.64,171.54,8.87,955.14,859.2,0.038356164383561646,35.2322236
5.689379244345457,150.0,95.64,171.54,8.87,955.14,859.2,0.07671232876712329,39.94134468
5.689379244345457,150.0,95.64,171.54,8.87,955.14,859.2,0.15342465753424658,48.718374159999996
5.689379244345457,150.0,95.64,171.54,8.87,955.14,859.2,0.273972602739726,52.04164848
5.528674834880441,150.0,99.94,146.14,12.35,1006.0,899.76,0.00821917808219178,21.02212324
5.528674834880441,150.0,99.94,146.14,12.35,1006.0,899.76,0.038356164383561646,33.35684888
5.528674834880441,150.0,99.94,146.14,12.35,1006.0,899.76,0.07671232876712329,33.94290348
5.528674834880441,150.0,99.94,146.14,12.35,1006.0,899.76,0.15342465753424658,44.14025352
5.528674834880441,150.0,99.94,146.14,12.35,1006.0,899.76,0.273972602739726,45.3675208
5.517854422268135,150.0,98.75,158.11,12.8,987.76,889.01,0.00821917808219178,15.361525279999999
5.517854422268135,150.0,98.75,158.11,12.8,987.76,889.01,0.038356164383561646,28.6822016
5.517854422268135,150.0,98.75,158.11,12.8,987.76,889.01,0.07671232876712329,30.84715624
5.517854422268135,150.0,98.75,158.11,12.8,987.76,889.01,0.15342465753424658,42.030456959999995
5.517854422268135,150.0,98.75,158.11,12.8,987.76,889.01,0.273972602739726,51.0556978
5.530658490216289,150.0,98.75,146.25,14.17,987.76,889.01,0.00821917808219178,21.78054684
5.530658490216289,150.0,98.75,146.25,14.17,987.76,889.01,0.038356164383561646,42.29245784
5.530658490216289,150.0,98.75,146.25,14.17,987.76,889.01,0.07671232876712329,50.60064364
5.530658490216289,150.0,98.75,146.25,14.17,987.76,889.01,0.15342465753424658,55.82687172
5.530658490216289,150.0,98.75,146.25,14.17,987.76,889.01,0.273972602739726,60.949678399999996
5.508699840559633,150.0,125.08,143.3,11.99,1086.8,800.89,0.00821917808219178,23.52492112
5.508699840559633,150.0,125.08,143.3,11.99,1086.8,800.89,0.038356164383561646,42.21661548
5.508699840559633,150.0,125.08,143.3,11.99,1086.8,800.89,0.07671232876712329,52.5035974
5.508699840559633,150.0,125.08,143.3,11.99,1086.8,800.89,0.15342465753424658,60.32225524
5.508699840559633,150.0,125.08,143.3,11.99,1086.8,800.89,0.273972602739726,66.42411784
5.617025610729919,150.0,121.35,159.48,9.9,1053.6,777.5,0.00821917808219178,23.80071152
5.617025610729919,150.0,121.35,159.48,9.9,1053.6,777.5,0.038356164383561646,38.76923548
5.617025610729919,150.0,121.35,159.48,9.9,1053.6,777.5,0.07671232876712329,51.331488199999995
5.617025610729919,150.0,121.35,159.48,9.9,1053.6,777.5,0.15342465753424658,56.847296199999995
5.617025610729919,150.0,121.35,159.48,9.9,1053.6,777.5,0.273972602739726,58.60546
5.694270714283606,150.0,117.54,174.8,9.52,1022.8,753.45,0.00821917808219178,21.91154728
5.694270714283606,150.0,117.54,174.8,9.52,1022.8,753.45,0.038356164383561646,36.990387399999996
5.694270714283606,150.0,117.54,174.8,9.52,1022.8,753.45,0.07671232876712329,47.401475
5.694270714283606,150.0,117.54,174.8,9.52,1022.8,753.45,0.15342465753424658,51.95891136
5.694270714283606,150.0,117.54,174.8,9.52,1022.8,753.45,0.273972602739726,56.7438748
5.364760323096751,150.0,174.74,154.79,10.16,1053.5,776.35,0.00821917808219178,17.57474324
5.364760323096751,150.0,174.74,154.79,10.16,1053.5,776.35,0.038356164383561646,33.72916592
5.364760323096751,150.0,174.74,154.79,10.16,1053.5,776.35,0.07671232876712329,40.14818748
5.364760323096751,150.0,174.74,154.79,10.16,1053.5,776.35,0.15342465753424658,46.6430514
5.364760323096751,150.0,174.74,154.79,10.16,1053.5,776.35,0.273972602739726,50.07664188
5.363636832668679,150.0,174.24,154.61,11.66,1052.3,775.48,0.00821917808219178,17.36790044
5.363636832668679,150.0,174.24,154.61,11.66,1052.3,775.48,0.038356164383561646,33.70158688
5.363636832668679,150.0,174.24,154.61,11.66,1052.3,775.48,0.07671232876712329,45.939785879999995
5.363636832668679,150.0,174.24,154.61,11.66,1052.3,775.48,0.15342465753424658,51.4349096
5.363636832668679,150.0,174.24,154.61,11.66,1052.3,775.48,0.273972602739726,59.30183076
5.624703191628953,97.82,24.46,160.7,11.19,1061.7,782.46,0.00821917808219178,30.44726016
5.624703191628953,97.82,24.46,160.7,11.19,1061.7,782.46,0.038356164383561646,47.7117392
5.624703191628953,97.82,24.46,160.7,11.19,1061.7,782.46,0.07671232876712329,63.14221208
5.624703191628953,97.82,24.46,160.7,11.19,1061.7,782.46,0.15342465753424658,66.82401392
5.624703191628953,97.82,24.46,160.7,11.19,1061.7,782.46,0.273972602739726,66.9481196
5.385549552490908,54.64,123.78,140.75,11.91,1075.7,792.67,0.00821917808219178,27.42046052
5.385549552490908,54.64,123.78,140.75,11.91,1075.7,792.67,0.038356164383561646,35.9561734
5.385549552490908,54.64,123.78,140.75,11.91,1075.7,792.67,0.07671232876712329,55.50971276
5.385549552490908,54.64,123.78,140.75,11.91,1075.7,792.67,0.15342465753424658,61.99078716
5.385549552490908,54.64,123.78,140.75,11.91,1075.7,792.67,0.273972602739726,63.528318639999995
5.370172803648464,53.8,121.89,155.63,9.61,1014.3,780.58,0.00821917808219178,18.01600788
5.370172803648464,53.8,121.89,155.63,9.61,1014.3,780.58,0.038356164383561646,38.60376124
5.370172803648464,53.8,121.89,155.63,9.61,1014.3,780.58,0.07671232876712329,52.20022796
5.370172803648464,53.8,121.89,155.63,9.61,1014.3,780.58,0.15342465753424658,53.95839176
5.370172803648464,53.8,121.89,155.63,9.61,1014.3,780.58,0.273972602739726,56.63355864
5.388386563636904,150.0,124.13,158.49,11.33,1078.7,794.91,0.00821917808219178,15.340841
5.388386563636904,150.0,124.13,158.49,11.33,1078.7,794.91,0.038356164383561646,26.04840328
5.388386563636904,150.0,124.13,158.49,11.33,1078.7,794.91,0.07671232876712329,30.219733079999997
5.388386563636904,150.0,124.13,158.49,11.33,1078.7,794.91,0.15342465753424658,37.2661778
5.388386563636904,150.0,124.13,158.49,11.33,1078.7,794.91,0.273972602739726,46.2293658
5.929589143389895,150.0,125.0,214.6,0.0,1003.5,762.36,0.00821917808219178,16.27852836
5.929589143389895,150.0,125.0,214.6,0.0,1003.5,762.36,0.038356164383561646,25.62092816
5.929589143389895,150.0,125.0,214.6,0.0,1003.5,762.36,0.07671232876712329,31.971002119999998
5.929589143389895,150.0,125.0,214.6,0.0,1003.5,762.36,0.15342465753424658,36.3009114
5.929589143389895,150.0,125.0,214.6,0.0,1003.5,762.36,0.273972602739726,43.0577762
6.214608098422191,150.0,125.0,140.0,4.0,966.0,853.0,0.07671232876712329,67.568648
6.163314804034641,150.0,59.0,142.0,1.9,1098.0,641.0,0.07671232876712329,57.226507999999995
5.752572638825633,137.0,125.0,145.0,5.9,1130.0,745.0,0.07671232876712329,81.75116932
6.22455842927536,150.0,60.0,195.0,0.0,1030.0,630.0,0.07671232876712329,64.0178466
6.111467339502679,150.0,125.0,165.0,11.25,1030.0,745.0,0.07671232876712329,78.80021203999999
6.246106765481563,150.0,125.0,162.0,8.2,801.0,802.0,0.07671232876712329,41.36856
6.253828811575473,150.0,125.0,170.0,5.2,855.0,855.0,0.07671232876712329,60.280886679999995
6.269096283706261,150.0,125.0,185.0,6.86,920.0,720.0,0.07671232876712329,56.83350668
6.253828811575473,150.0,125.0,175.0,5.2,870.0,805.0,0.07671232876712329,51.021224
5.953243334287785,150.0,136.0,158.0,20.0,903.0,768.0,0.07671232876712329,55.55108132
6.214808078424858,150.0,125.0,200.0,3.0,1124.4,613.2,0.07671232876712329,44.13335876
6.109469780298887,50.0,125.0,200.0,3.0,1124.4,613.2,0.07671232876712329,39.37597436
5.983936280687191,17.2,158.0,167.0,20.8,967.0,633.0,0.07671232876712329,55.647607959999995
5.808142489980444,17.5,163.0,167.0,17.9,996.0,652.0,0.07671232876712329,47.27736932
5.811140992976701,17.6,158.0,189.0,15.3,967.0,633.0,0.07671232876712329,44.32641204
6.003887067106539,150.0,125.0,175.0,0.0,1120.0,695.0,0.07671232876712329,52.30364936
5.298317366548036,200.0,125.0,190.0,0.0,1145.0,660.0,0.07671232876712329,49.249270679999995
6.246106765481563,150.0,125.0,162.0,8.26,801.0,802.0,0.07671232876712329,41.36856
4.976733742420574,116.0,119.0,184.0,5.7,833.0,880.0,0.07671232876712329,29.15794004
5.075173815233827,128.0,122.0,182.0,6.4,824.0,879.0,0.07671232876712329,39.39665864
5.455321115357702,156.0,125.0,189.0,5.85,981.0,760.0,0.07671232876712329,39.300132
5.521460917862246,180.0,95.0,159.0,9.45,860.0,800.0,0.07671232876712329,67.86512268
6.163314804034641,150.0,125.0,162.0,9.5,1044.0,662.0,0.07671232876712329,58.522722879999996
5.652489180268651,190.0,125.0,163.0,7.6,1031.0,685.0,0.07671232876712329,53.57917996
5.87493073085203,119.0,125.0,160.0,9.03,1061.0,657.0,0.07671232876712329,58.99846132
5.616771097666572,180.0,120.0,162.0,10.35,830.0,765.0,0.07671232876712329,76.23536132
6.214608098422191,150.0,125.0,151.0,9.0,1033.0,655.0,0.07671232876712329,69.83702404
5.10594547390058,0.02,143.57,163.81,0.0,1005.6,900.9,0.00821917808219178,14.39625888
5.10594547390058,128.5,132.1,175.06,8.08,1005.8,746.6,0.00821917808219178,19.41564416
5.181952075416771,129.8,118.6,179.94,3.57,1007.3,746.8,0.00821917808219178,20.72564856
5.120087427657335,129.9,128.62,175.46,7.79,1006.3,746.6,0.00821917808219178,14.94094492
5.149701342219253,13.61,172.37,156.76,4.14,1006.3,856.4,0.00821917808219178,21.29101888
5.156408120365343,50.05,173.53,164.77,6.47,1006.2,793.5,0.00821917808219178,23.07676172
5.117993812416755,75.4,167.0,164.03,7.91,1007.3,770.1,0.00821917808219178,15.520104759999999
5.157962748575389,93.37,159.9,172.34,9.73,1007.2,746.6,0.00821917808219178,15.81657944
5.248811946644198,150.0,125.18,166.61,9.88,1079.0,798.9,0.00821917808219178,12.5484632
5.521460917862246,150.0,95.69,191.84,5.33,948.9,857.2,0.00821917808219178,8.48744956
5.363636832668679,150.0,174.24,159.21,11.66,1043.6,771.9,0.00821917808219178,15.60973664
5.271357184965254,150.0,100.52,170.17,7.48,998.0,901.8,0.00821917808219178,12.17614616
5.5269259572933045,150.0,118.27,192.94,5.75,1043.6,754.3,0.00821917808219178,11.98309288
5.10594547390058,0.02,143.57,163.81,0.0,1005.6,900.9,0.038356164383561646,16.87837248
5.10594547390058,128.5,132.1,175.06,8.08,1005.8,746.6,0.038356164383561646,33.08795324
5.181952075416771,129.8,118.6,179.94,3.57,1007.3,746.8,0.038356164383561646,34.23937816
5.120087427657335,129.9,128.62,175.46,7.79,1006.3,746.6,0.038356164383561646,31.812422639999998
5.149701342219253,13.61,172.37,156.76,4.14,1006.3,856.4,0.038356164383561646,29.7508894
5.156408120365343,50.05,173.53,164.77,6.47,1006.2,793.5,0.038356164383561646,33.00521612
5.117993812416755,75.4,167.0,164.03,7.91,1007.3,770.1,0.038356164383561646,32.90179472
5.157962748575389,93.37,159.9,172.34,9.73,1007.2,746.6,0.038356164383561646,29.55094136
5.248811946644198,150.0,125.18,166.61,9.88,1079.0,798.9,0.038356164383561646,19.41564416
5.521460917862246,150.0,95.69,191.84,5.33,948.9,857.2,0.038356164383561646,24.65566176
5.363636832668679,150.0,174.24,159.21,11.66,1043.6,771.9,0.038356164383561646,29.592309919999998
5.271357184965254,150.0,100.52,170.17,7.48,998.0,901.8,0.038356164383561646,24.28334472
5.5269259572933045,150.0,118.27,192.94,5.75,1043.6,754.3,0.038356164383561646,20.72564856
5.10594547390058,0.02,143.57,163.81,0.0,1005.6,900.9,0.07671232876712329,26.200088
5.10594547390058,128.5,132.1,175.06,8.08,1005.8,746.6,0.07671232876712329,46.38794528
5.181952075416771,129.8,118.6,179.94,3.57,1007.3,746.8,0.07671232876712329,39.1622368
5.120087427657335,129.9,128.62,175.46,7.79,1006.3,746.6,0.07671232876712329,41.20308576
5.149701342219253,13.61,172.37,156.76,4.14,1006.3,856.4,0.07671232876712329,33.68779736
5.156408120365343,50.05,173.53,164.77,6.47,1006.2,793.5,0.07671232876712329,38.20386516
5.117993812416755,75.4,167.0,164.03,7.91,1007.3,770.1,0.07671232876712329,41.40992856
5.157962748575389,93.37,159.9,172.34,9.73,1007.2,746.6,0.07671232876712329,37.810863839999996
5.248811946644198,150.0,125.18,166.61,9.88,1079.0,798.9,0.07671232876712329,24.84871504
5.521460917862246,150.0,95.69,191.84,5.33,948.9,857.2,0.07671232876712329,27.22051248
5.363636832668679,150.0,174.24,159.21,11.66,1043.6,771.9,0.07671232876712329,44.63667624
5.271357184965254,150.0,100.52,170.17,7.48,998.0,901.8,0.07671232876712329,37.2661778
5.5269259572933045,150.0,118.27,192.94,5.75,1043.6,754.3,0.07671232876712329,33.27411176
5.10594547390058,0.02,143.57,163.81,0.0,1005.6,900.9,0.15342465753424658,36.56291228
5.10594547390058,128.5,132.1,175.06,8.08,1005.8,746.6,0.15342465753424658,53.72396992
5.181952075416771,129.8,118.6,179.94,3.57,1007.3,746.8,0.15342465753424658,48.587373719999995
5.120087427657335,129.9,128.62,175.46,7.79,1006.3,746.6,0.15342465753424658,51.72448952
5.149701342219253,13.61,172.37,156.76,4.14,1006.3,856.4,0.15342465753424658,35.852751999999995
5.156408120365343,50.05,173.53,164.77,6.47,1006.2,793.5,0.15342465753424658,53.77223324
5.117993812416755,75.4,167.0,164.03,7.91,1007.3,770.1,0.15342465753424658,53.46196904
5.157962748575389,93.37,159.9,172.34,9.73,1007.2,746.6,0.15342465753424658,48.9872698
5.248811946644198,150.0,125.18,166.61,9.88,1079.0,798.9,0.15342465753424658,31.715896
5.521460917862246,150.0,95.69,191.84,5.33,948.9,857.2,0.15342465753424658,39.64487
5.363636832668679,150.0,174.24,159.21,11.66,1043.6,771.9,0.15342465753424658,51.25564584
5.271357184965254,150.0,100.52,170.17,7.48,998.0,901.8,0.15342465753424658,43.388724679999996
5.5269259572933045,150.0,118.27,192.94,5.75,1043.6,754.3,0.15342465753424658,39.2656582
5.10594547390058,0.02,143.57,163.81,0.0,1005.6,900.9,0.273972602739726,37.9556538
5.10594547390058,128.5,132.1,175.06,8.08,1005.8,746.6,0.273972602739726,55.020184799999996
5.181952075416771,129.8,118.6,179.94,3.57,1007.3,746.8,0.273972602739726,49.99390476
5.120087427657335,129.9,128.62,175.46,7.79,1006.3,746.6,0.273972602739726,53.65502232
5.149701342219253,13.61,172.37,156.76,4.14,1006.3,856.4,0.273972602739726,37.6798634
5.156408120365343,50.05,173.53,164.77,6.47,1006.2,793.5,0.273972602739726,56.061293559999996
5.117993812416755,75.4,167.0,164.03,7.91,1007.3,770.1,0.273972602739726,56.8128224
5.157962748575389,93.37,159.9,172.34,9.73,1007.2,746.6,0.273972602739726,50.93848688
5.248811946644198,150.0,125.18,166.61,9.88,1079.0,798.9,0.273972602739726,33.56369168
5.521460917862246,150.0,95.69,191.84,5.33,948.9,857.2,0.273972602739726,41.1617172
5.363636832668679,150.0,174.24,159.21,11.66,1043.6,771.9,0.273972602739726,52.95865156
5.271357184965254,150.0,100.52,170.17,7.48,998.0,901.8,0.273972602739726,44.27814872
5.5269259572933045,150.0,118.27,192.94,5.75,1043.6,754.3,0.273972602739726,40.14818748
6.100318952020064,24.0,79.0,162.0,11.61,967.0,712.0,0.07671232876712329,57.02655996
6.100318952020064,24.0,79.0,162.0,11.64,967.0,712.0,0.07671232876712329,44.42293868
6.100318952020064,24.0,79.0,162.0,11.64,967.0,712.0,0.07671232876712329,51.021224
6.100318952020064,24.0,79.0,162.0,10.3,967.0,712.0,0.07671232876712329,53.38612668
6.100318952020064,24.0,79.0,162.0,11.61,967.0,712.0,0.00821917808219178,35.36322404
6.100318952020064,24.0,79.0,162.0,11.64,967.0,712.0,0.00821917808219178,25.021084039999998
6.100318952020064,24.0,79.0,162.0,11.64,967.0,712.0,0.00821917808219178,23.34565736
6.100318952020064,24.0,79.0,162.0,11.61,967.0,712.0,0.019178082191780823,52.00717468
6.100318952020064,24.0,79.0,162.0,11.64,967.0,712.0,0.019178082191780823,38.01770664
6.100318952020064,24.0,79.0,162.0,11.64,967.0,712.0,0.019178082191780823,39.300132
6.100318952020064,24.0,79.0,162.0,11.61,967.0,712.0,0.15342465753424658,61.06688932
6.100318952020064,24.0,79.0,162.0,11.64,967.0,712.0,0.15342465753424658,56.14403068
6.100318952020064,24.0,79.0,162.0,11.64,967.0,712.0,0.15342465753424658,55.25460664
6.100318952020064,24.0,79.0,162.0,10.3,967.0,712.0,0.15342465753424658,54.765078679999995
5.958424693029782,20.0,94.0,157.0,14.32,938.0,845.0,0.07671232876712329,50.23522136
5.958424693029782,20.0,94.0,157.0,13.93,938.0,845.0,0.07671232876712329,46.68441996
5.958424693029782,20.0,94.0,157.0,11.61,938.0,845.0,0.07671232876712329,46.68441996
5.958424693029782,20.0,94.0,157.0,14.32,938.0,845.0,0.00821917808219178,22.752708
5.958424693029782,20.0,94.0,157.0,13.93,938.0,845.0,0.00821917808219178,25.510612
5.958424693029782,20.0,94.0,157.0,11.61,938.0,845.0,0.00821917808219178,34.77027468
5.958424693029782,20.0,94.0,157.0,14.32,938.0,845.0,0.019178082191780823,36.83870268
5.958424693029782,20.0,94.0,157.0,13.93,938.0,845.0,0.019178082191780823,45.89841732
5.958424693029782,20.0,94.0,157.0,11.61,938.0,845.0,0.019178082191780823,41.66503468
5.958424693029782,20.0,94.0,157.0,14.32,938.0,845.0,0.15342465753424658,56.33708396
5.958424693029782,20.0,94.0,157.0,13.93,938.0,845.0,0.15342465753424658,47.96684532
5.958424693029782,20.0,94.0,157.0,11.61,938.0,845.0,0.15342465753424658,61.45989064
5.872117789475416,19.0,97.0,145.0,13.13,967.0,871.0,0.07671232876712329,44.02993736
5.872117789475416,19.0,97.0,145.0,12.25,967.0,871.0,0.07671232876712329,55.45455468
6.19644412779452,26.0,123.0,210.0,3.93,882.0,699.0,0.07671232876712329,55.55108132
6.19644412779452,26.0,123.0,201.0,3.93,822.0,699.0,0.07671232876712329,57.915983999999995
6.19644412779452,26.0,123.0,210.0,3.93,882.0,699.0,0.00821917808219178,25.60910856945864
6.19644412779452,26.0,123.0,210.0,3.93,882.0,699.0,0.019178082191780823,33.488834284729315
6.19644412779452,26.0,123.0,210.0,3.93,882.0,699.0,0.15342465753424658,59.590425715270676
6.19644412779452,26.0,123.0,201.0,3.93,822.0,699.0,0.00821917808219178,29.54897143054136
6.19644412779452,26.0,123.0,201.0,3.93,822.0,699.0,0.019178082191780823,37.92118
6.19644412779452,26.0,123.0,201.0,3.93,822.0,699.0,0.15342465753424658,61.85584685418796
6.049733455231958,22.0,132.0,178.0,8.48,822.0,750.0,0.07671232876712329,62.052839999999996
6.049733455231958,22.0,132.0,178.0,8.48,882.0,750.0,0.00821917808219178,32.01138571527068
6.049733455231958,22.0,132.0,168.0,8.92,822.0,750.0,0.07671232876712329,72.09850532
6.049733455231958,22.0,132.0,178.0,8.48,822.0,750.0,0.019178082191780823,39.004642284729314
6.049733455231958,22.0,132.0,178.0,8.48,822.0,750.0,0.15342465753424658,65.69721314581203
6.049733455231958,22.0,132.0,168.0,8.92,822.0,750.0,0.00821917808219178,32.109882284729316
6.049733455231958,22.0,132.0,168.0,8.92,822.0,750.0,0.019178082191780823,40.28509771527068
6.049733455231958,22.0,132.0,168.0,8.92,822.0,750.0,0.15342465753424658,74.3649114581204
5.308267697401205,11.0,141.0,206.0,1.72,942.0,801.0,0.07671232876712329,21.96670536
5.308267697401205,11.0,141.0,206.0,1.72,942.0,801.0,0.00821917808219178,9.84965714581204
5.308267697401205,11.0,141.0,206.0,1.72,942.0,801.0,0.019178082191780823,15.069975430541358
5.308267697401205,11.0,141.0,206.0,1.72,942.0,801.0,0.15342465753424658,23.24519085418796
5.648974238161206,15.0,141.0,179.0,5.46,842.0,801.0,0.07671232876712329,43.733462679999995
5.648974238161206,15.0,141.0,179.0,5.46,842.0,801.0,0.00821917808219178,13.395533715270679
5.648974238161206,15.0,141.0,179.0,5.46,842.0,801.0,0.019178082191780823,24.13166
5.648974238161206,15.0,141.0,179.0,5.46,842.0,801.0,0.15342465753424658,44.520450284729314
5.883322388488279,19.0,141.0,154.0,10.91,942.0,801.0,0.07671232876712329,62.935369279999996
5.883322388488279,19.0,141.0,154.0,10.91,942.0,801.0,0.07671232876712329,59.494884039999995
5.883322388488279,19.0,141.0,154.0,10.91,942.0,801.0,0.00821917808219178,25.11662571527068
5.883322388488279,19.0,141.0,154.0,10.91,942.0,801.0,0.00821917808219178,23.639177145812038
5.883322388488279,19.0,141.0,154.0,10.91,942.0,801.0,0.019178082191780823,35.75425543054136
5.883322388488279,19.0,141.0,154.0,10.91,942.0,801.0,0.019178082191780823,38.610656
5.883322388488279,19.0,141.0,154.0,10.91,942.0,801.0,0.15342465753424658,68.75060685418796
5.883322388488279,19.0,141.0,154.0,10.91,942.0,801.0,0.15342465753424658,66.78067543054136
6.077642243349034,150.0,125.0,218.0,0.0,838.4,719.7,0.07671232876712329,23.84897484
5.666426688112432,150.0,125.0,192.0,0.0,913.2,895.3,0.2465753424657534,32.068218236
5.666426688112432,150.0,125.0,192.0,0.0,913.2,895.3,0.00821917808219178,11.654902304
5.973809611869261,150.0,125.0,192.0,0.0,940.6,785.6,0.00821917808219178,19.199148695999998
5.973809611869261,150.0,125.0,192.0,0.0,940.6,785.6,0.2465753424657534,48.846616696
5.973809611869261,150.0,125.0,192.0,0.0,940.6,785.6,0.07671232876712329,39.604880392
6.173786103901937,150.0,125.0,192.0,0.0,936.2,712.2,0.07671232876712329,43.942373908
6.173786103901937,150.0,125.0,192.0,0.0,936.2,712.2,0.019178082191780823,34.569637164
6.173786103901937,150.0,125.0,192.0,0.0,936.2,712.2,0.2465753424657534,54.315540328
6.173786103901937,150.0,125.0,192.0,0.0,936.2,712.2,0.00821917808219178,24.404692496
5.808142489980444,150.0,125.0,192.0,0.0,931.2,842.6,0.00821917808219178,15.615941924
5.541263545158426,150.0,125.0,192.0,0.0,889.8,945.0,0.2465753424657534,21.859147104
5.541263545158426,150.0,125.0,192.0,0.0,889.8,945.0,0.019178082191780823,10.222171176
5.666426688112432,150.0,125.0,192.0,0.0,913.2,895.3,0.019178082191780823,14.596896395999998
5.541263545158426,150.0,125.0,192.0,0.0,889.8,945.0,0.07671232876712329,18.746162964
5.808142489980444,150.0,125.0,192.0,0.0,931.2,842.6,0.07671232876712329,31.966865263999996
5.808142489980444,150.0,125.0,192.0,0.0,931.2,842.6,0.019178082191780823,23.404952295999998
5.666426688112432,150.0,125.0,192.0,0.0,913.2,895.3,0.07671232876712329,25.573354316
5.808142489980444,150.0,125.0,192.0,0.0,931.2,842.6,0.2465753424657534,41.680203152
5.973809611869261,150.0,125.0,192.0,0.0,940.6,785.6,0.019178082191780823,27.742445811999996
5.541263545158426,150.0,125.0,192.0,0.0,889.8,945.0,0.00821917808219178,8.204074924
5.067645548813036,238.2,125.0,185.7,0.0,1040.6,734.3,0.019178082191780823,9.617500724000001
5.478970866241294,359.4,125.0,185.7,0.0,941.6,664.3,0.019178082191780823,25.422359072
5.473110656921199,158.8,125.0,185.7,0.0,1040.6,734.3,0.019178082191780823,15.691094808
5.203457085524077,272.8,125.0,185.7,0.0,1012.4,714.3,0.07671232876712329,27.935499091999997
5.2652775124698366,290.2,125.0,185.7,0.0,998.2,704.3,0.07671232876712329,32.626693796000005
5.543222409643759,170.3,125.0,185.7,0.0,1026.6,724.3,0.019178082191780823,17.236210524
5.608738925969307,181.9,125.0,185.7,0.0,1012.4,714.3,0.019178082191780823,19.765208492
5.478970866241294,359.4,125.0,185.7,0.0,941.6,664.3,0.07671232876712329,39.435269296
5.39725731440294,147.2,125.0,185.7,0.0,1055.0,744.3,0.07671232876712329,25.745033839999998
5.983936280687191,150.0,125.0,185.7,0.0,1040.6,734.3,0.07671232876712329,33.082437432
5.94672865326659,150.0,125.0,185.7,0.0,1047.8,739.3,0.019178082191780823,24.065470304
5.350435320810143,316.1,125.0,185.7,0.0,977.0,689.3,0.019178082191780823,21.819846971999997
5.067645548813036,238.2,125.0,185.7,0.0,1040.6,734.3,0.07671232876712329,21.066249704
5.689683550276699,150.0,125.0,185.7,0.0,1091.4,769.3,0.019178082191780823,14.843728804
5.543222409643759,170.3,125.0,185.7,0.0,1026.6,724.3,0.07671232876712329,32.051670812
5.31566600488265,135.7,125.0,185.7,0.0,1076.2,759.3,0.019178082191780823,11.957582268
5.983936280687191,150.0,125.0,185.7,0.0,1040.6,734.3,0.019178082191780823,25.447869684
5.943848693166319,150.0,125.0,185.7,0.0,1104.6,784.3,0.07671232876712329,22.489328168
5.689683550276699,150.0,125.0,185.7,0.0,1091.4,769.3,0.07671232876712329,25.216895223999998
5.429345628954441,342.1,125.0,185.7,0.0,955.8,674.3,0.07671232876712329,39.699338604
5.39725731440294,147.2,125.0,185.7,0.0,1055.0,744.3,0.019178082191780823,13.089012384
5.756058619221572,210.7,125.0,185.7,0.0,977.0,689.3,0.07671232876712329,38.70028788
4.9104465668408235,203.5,125.0,185.7,0.0,1076.2,759.3,0.019178082191780823,7.507014687999999
5.472690753492817,150.0,125.0,185.7,0.0,1118.8,789.3,0.07671232876712329,17.576122192
5.826589903917748,150.0,125.0,185.7,0.0,1069.2,754.3,0.019178082191780823,21.179323768
4.9104465668408235,203.5,125.0,185.7,0.0,1076.2,759.3,0.07671232876712329,18.19871902
5.2652775124698366,290.2,125.0,185.7,0.0,998.2,704.3,0.019178082191780823,17.200357771999997
5.31566600488265,135.7,125.0,185.7,0.0,1076.2,759.3,0.07671232876712329,22.629981272
5.670570340450087,193.5,125.0,185.7,0.0,998.2,704.3,0.019178082191780823,21.859147104
5.203457085524077,272.8,125.0,185.7,0.0,1012.4,714.3,0.019178082191780823,12.37264682
5.1375615876686425,155.5,125.0,185.7,0.0,1026.6,724.3,0.07671232876712329,25.726417988
5.350435320810143,316.1,125.0,185.7,0.0,977.0,689.3,0.07671232876712329,37.813621743999995
5.429345628954441,342.1,125.0,185.7,0.0,955.8,674.3,0.019178082191780823,21.917063088
5.670570340450087,193.5,125.0,185.7,0.0,998.2,704.3,0.07671232876712329,33.0431373
5.943848693166319,150.0,125.0,185.7,0.0,1104.6,784.3,0.019178082191780823,14.54104884
5.473110656921199,158.8,125.0,185.7,0.0,1040.6,734.3,0.07671232876712329,26.91369566
5.226821364842967,124.1,125.0,185.7,0.0,1083.4,764.3,0.019178082191780823,7.995853172
5.826589903917748,150.0,125.0,185.7,0.0,1069.2,754.3,0.07671232876712329,31.899986092
5.472690753492817,150.0,125.0,185.7,0.0,1118.8,789.3,0.019178082191780823,10.335934715999999
5.531411248715415,150.0,125.0,185.7,0.0,1111.6,784.3,0.07671232876712329,19.765208492
5.94672865326659,150.0,125.0,185.7,0.0,1047.8,739.3,0.07671232876712329,37.437857324
5.531411248715415,150.0,125.0,185.7,0.0,1111.6,784.3,0.019178082191780823,11.483912255999998
5.756058619221572,210.7,125.0,185.7,0.0,977.0,689.3,0.019178082191780823,24.437787344
5.226821364842967,124.1,125.0,185.7,0.0,1083.4,764.3,0.07671232876712329,17.596806471999997
5.1375615876686425,155.5,125.0,185.7,0.0,1026.6,724.3,0.019178082191780823,10.730314988
5.608738925969307,181.9,125.0,185.7,0.0,1012.4,714.3,0.07671232876712329,31.38150014
5.82600010738045,150.0,125.0,197.0,0.0,968.0,781.0,0.00821917808219178,13.22414968
5.82600010738045,150.0,125.0,197.0,0.0,968.0,781.0,0.019178082191780823,20.96696516
5.82600010738045,150.0,125.0,197.0,0.0,968.0,781.0,0.038356164383561646,27.04124872
5.82600010738045,150.0,125.0,197.0,0.0,968.0,781.0,0.07671232876712329,32.039949719999996
5.82600010738045,150.0,125.0,197.0,0.0,968.0,781.0,0.2465753424657534,35.17017076
5.82600010738045,150.0,125.0,197.0,0.0,968.0,781.0,0.4931506849315068,36.44570136
5.82600010738045,150.0,125.0,197.0,0.0,968.0,781.0,1.0,38.89334116
5.4638318050256105,150.0,125.0,194.0,0.0,968.0,885.0,0.00821917808219178,6.467284879999999
5.4638318050256105,150.0,125.0,194.0,0.0,968.0,885.0,0.038356164383561646,12.83804312
5.4638318050256105,150.0,125.0,194.0,0.0,968.0,885.0,0.07671232876712329,18.415903959999998
5.4638318050256105,150.0,125.0,194.0,0.0,968.0,885.0,0.2465753424657534,21.946021079999998
5.4638318050256105,150.0,125.0,193.0,0.0,968.0,885.0,0.4931506849315068,24.104080959999997
5.4638318050256105,150.0,125.0,193.0,0.0,968.0,885.0,1.0,25.083136879999998
5.6240175061873385,150.0,125.0,191.0,0.0,968.0,856.0,0.038356164383561646,21.26343984
5.6240175061873385,150.0,125.0,191.0,0.0,968.0,856.0,0.07671232876712329,25.965666159999998
5.6240175061873385,150.0,125.0,191.0,0.0,968.0,856.0,0.00821917808219178,11.36256448
5.6240175061873385,150.0,125.0,191.0,0.0,968.0,856.0,0.2465753424657534,31.25394708
5.6240175061873385,150.0,125.0,191.0,0.0,968.0,856.0,0.4931506849315068,32.32952964
5.6240175061873385,150.0,125.0,191.0,0.0,968.0,856.0,0.9863013698630136,33.70158688
5.537334267018537,150.0,125.0,198.0,0.0,968.0,863.0,0.00821917808219178,9.307926
5.537334267018537,150.0,125.0,198.0,0.0,968.0,863.0,0.2465753424657534,26.94472208
5.537334267018537,150.0,125.0,198.0,0.0,968.0,863.0,0.4931506849315068,27.62730332
5.537334267018537,150.0,125.0,198.0,0.0,968.0,863.0,1.0,29.7853632
5.726847747587197,150.0,125.0,193.0,0.0,968.0,812.0,0.4931506849315068,34.48758952
5.726847747587197,150.0,125.0,193.0,0.0,968.0,812.0,1.0,36.14922668
5.726847747587197,150.0,125.0,193.0,0.0,968.0,812.0,0.00821917808219178,12.541568439999999
5.726847747587197,150.0,125.0,193.0,0.0,968.0,812.0,0.07671232876712329,27.53077668
5.726847747587197,150.0,125.0,193.0,0.0,968.0,812.0,0.2465753424657534,32.922478999999996
5.4638318050256105,150.0,125.0,193.0,0.0,968.0,885.0,0.019178082191780823,9.99050724
5.298317366548036,150.0,125.0,180.0,0.0,1125.0,845.0,0.019178082191780823,7.8393421199999995
5.298317366548036,150.0,125.0,180.0,0.0,1125.0,845.0,0.07671232876712329,12.24509376
5.41610040220442,150.0,125.0,181.0,0.0,1113.0,833.0,0.019178082191780823,11.169511199999999
5.41610040220442,150.0,125.0,181.0,0.0,1113.0,833.0,0.07671232876712329,17.3403214
5.783825182329737,150.0,125.0,184.0,0.0,1063.0,783.0,0.019178082191780823,17.54026944
5.783825182329737,150.0,125.0,184.0,0.0,1063.0,783.0,0.07671232876712329,30.57136584
5.616771097666572,150.0,125.0,183.0,0.0,1088.0,808.0,0.019178082191780823,14.2032056
5.616771097666572,150.0,125.0,183.0,0.0,1088.0,808.0,0.07671232876712329,24.49708228
5.703782474656201,150.0,125.0,184.0,0.0,1075.0,795.0,0.019178082191780823,15.575262839999999
5.703782474656201,150.0,125.0,184.0,0.0,1075.0,795.0,0.07671232876712329,26.848195439999998
5.926926025970411,150.0,125.0,186.0,0.0,1038.0,758.0,0.019178082191780823,26.0621928
5.926926025970411,150.0,125.0,186.0,0.0,1038.0,758.0,0.07671232876712329,38.21075992
5.991464547107982,150.0,125.0,187.0,0.0,1025.0,745.0,0.07671232876712329,43.69898888
5.991464547107982,150.0,125.0,187.0,0.0,1025.0,745.0,0.019178082191780823,30.143890719999998
5.521460917862246,150.0,125.0,182.0,0.0,1100.0,820.0,0.019178082191780823,12.73462172
5.521460917862246,150.0,125.0,182.0,0.0,1100.0,820.0,0.07671232876712329,20.87043852
5.857933154483459,150.0,125.0,186.0,0.0,1050.0,770.0,0.019178082191780823,20.27748916
5.857933154483459,150.0,125.0,186.0,0.0,1050.0,770.0,0.07671232876712329,34.29453624
5.31566600488265,305.3,125.0,203.5,0.0,963.4,630.0,0.019178082191780823,19.539060364
5.522260598032811,166.8,125.0,203.5,0.0,977.6,694.1,0.2465753424657534,47.714497103999996
5.056245805348308,236.0,125.0,192.0,0.0,935.4,781.2,0.2465753424657534,43.377003588
4.950885289690482,212.0,125.0,203.5,0.0,971.8,748.5,0.07671232876712329,29.89223198
5.116795489924646,250.2,125.0,203.5,0.0,975.6,692.6,0.00821917808219178,6.902344236
4.808927023502111,183.9,125.0,203.5,0.0,958.2,800.1,0.2465753424657534,33.192064116000005
5.214392131610276,122.6,125.0,203.5,0.0,959.2,800.0,0.00821917808219178,4.9035533120000006
4.624972813284271,153.0,125.0,192.0,0.0,887.0,942.0,0.00821917808219178,4.565020596
4.624972813284271,153.0,125.0,192.0,0.0,887.0,942.0,0.2465753424657534,25.460969728000002
4.808927023502111,183.9,125.0,203.5,0.0,958.2,800.1,0.07671232876712329,24.290928956
5.116795489924646,250.2,125.0,203.5,0.0,975.6,692.6,0.07671232876712329,33.947729812
5.298317366548036,133.0,125.0,192.0,0.0,965.4,806.2,0.00821917808219178,11.414275179999999
4.684905154006945,162.4,125.0,203.5,0.0,938.2,849.0,0.07671232876712329,20.593958644
5.721294899740832,203.5,125.0,203.5,0.0,965.4,631.0,0.019178082191780823,25.893960655999997
4.684905154006945,162.4,125.0,203.5,0.0,938.2,849.0,0.2465753424657534,29.231713971999998
4.7535901911063645,173.0,125.0,192.0,0.0,909.8,891.9,0.2465753424657534,31.023662096000002
4.950885289690482,212.0,125.0,203.5,0.0,971.8,748.5,0.019178082191780823,10.3938507
5.056245805348308,236.0,125.0,192.0,0.0,935.4,781.2,0.07671232876712329,33.664355176
4.890349128221754,200.0,125.0,192.0,0.0,927.4,839.2,0.07671232876712329,27.874825204
5.522260598032811,166.8,125.0,203.5,0.0,977.6,694.1,0.019178082191780823,19.35014394
5.153291594497779,116.0,125.0,192.0,0.0,946.8,856.8,0.019178082191780823,11.392211948
5.2574953720277815,288.0,125.0,192.0,0.0,929.8,716.1,0.00821917808219178,12.788400847999998
5.2574953720277815,288.0,125.0,192.0,0.0,929.8,716.1,0.07671232876712329,39.321505756
5.030437921392435,102.0,125.0,192.0,0.0,888.0,943.1,0.00821917808219178,4.782205536
5.662960480135946,192.0,125.0,192.0,0.0,932.0,717.8,0.00821917808219178,16.10960674
5.721294899740832,203.5,125.0,203.5,0.0,965.4,631.0,0.07671232876712329,43.377003588
5.4638318050256105,157.0,125.0,192.0,0.0,972.6,749.1,0.019178082191780823,20.416073836
5.153291594497779,116.0,125.0,192.0,0.0,946.8,856.8,0.00821917808219178,6.940954892
5.356586274672012,141.3,125.0,203.5,0.0,973.4,750.0,0.019178082191780823,15.030576799999999
5.4638318050256105,157.0,125.0,192.0,0.0,972.6,749.1,0.00821917808219178,13.565440299999999
5.214392131610276,122.6,125.0,203.5,0.0,959.2,800.0,0.2465753424657534,32.53292506
5.116795489924646,250.2,125.0,203.5,0.0,975.6,692.6,0.019178082191780823,15.748321315999998
4.624972813284271,153.0,125.0,192.0,0.0,887.0,942.0,0.019178082191780823,7.675936308
5.662960480135946,192.0,125.0,192.0,0.0,932.0,717.8,0.07671232876712329,38.804398756000005
5.356586274672012,141.3,125.0,203.5,0.0,973.4,750.0,0.07671232876712329,33.003837168
4.624972813284271,153.0,125.0,192.0,0.0,887.0,942.0,0.07671232876712329,17.275510655999998
5.153291594497779,116.0,125.0,192.0,0.0,946.8,856.8,0.07671232876712329,24.281965768
5.214392131610276,122.6,125.0,203.5,0.0,959.2,800.0,0.07671232876712329,24.046164976
4.890349128221754,200.0,125.0,192.0,0.0,927.4,839.2,0.2465753424657534,36.588422892
5.2574953720277815,288.0,125.0,192.0,0.0,929.8,716.1,0.2465753424657534,50.732333556
4.890349128221754,200.0,125.0,192.0,0.0,927.4,839.2,0.019178082191780823,13.664035367999999
5.721294899740832,203.5,125.0,203.5,0.0,965.4,631.0,0.00821917808219178,14.143910664
5.4638318050256105,157.0,125.0,192.0,0.0,972.6,749.1,0.2465753424657534,47.782065751999994
4.684905154006945,162.4,125.0,203.5,0.0,938.2,849.0,0.00821917808219178,2.331807832
5.056245805348308,236.0,125.0,192.0,0.0,935.4,781.2,0.019178082191780823,16.889404096
5.662960480135946,192.0,125.0,192.0,0.0,932.0,717.8,0.019178082191780823,23.523542168
5.356586274672012,141.3,125.0,203.5,0.0,973.4,750.0,0.00821917808219178,6.8085755
5.356586274672012,141.3,125.0,203.5,0.0,973.4,750.0,0.2465753424657534,39.700028079999996
5.030437921392435,102.0,125.0,192.0,0.0,888.0,943.1,0.07671232876712329,17.96429718
5.4638318050256105,157.0,125.0,192.0,0.0,972.6,749.1,0.07671232876712329,32.88455782
4.7535901911063645,173.0,125.0,192.0,0.0,909.8,891.9,0.07671232876712329,22.347985588
5.214392131610276,122.6,125.0,203.5,0.0,959.2,800.0,0.019178082191780823,10.787541496
4.684905154006945,162.4,125.0,203.5,0.0,938.2,849.0,0.019178082191780823,7.723510152
5.31566600488265,305.3,125.0,203.5,0.0,963.4,630.0,0.07671232876712329,41.684340008
5.31566600488265,305.3,125.0,203.5,0.0,963.4,630.0,0.00821917808219178,9.561653168
4.890349128221754,200.0,125.0,192.0,0.0,927.4,839.2,0.00821917808219178,6.883728383999999
5.662960480135946,192.0,125.0,192.0,0.0,932.0,717.8,0.2465753424657534,50.526869708
5.298317366548036,133.0,125.0,192.0,0.0,965.4,806.2,0.019178082191780823,17.165883972
5.298317366548036,133.0,125.0,192.0,0.0,965.4,806.2,0.07671232876712329,30.439675923999996
5.522260598032811,166.8,125.0,203.5,0.0,977.6,694.1,0.00821917808219178,9.731264264
4.808927023502111,183.9,125.0,203.5,0.0,958.2,800.1,0.00821917808219178,3.31982694
5.030437921392435,102.0,125.0,192.0,0.0,888.0,943.1,0.2465753424657534,26.322814728
5.298317366548036,133.0,125.0,192.0,0.0,965.4,806.2,0.2465753424657534,43.25082948
4.7535901911063645,173.0,125.0,192.0,0.0,909.8,891.9,0.00821917808219178,6.280436883999999
5.153291594497779,116.0,125.0,192.0,0.0,946.8,856.8,0.2465753424657534,32.102692036
5.522260598032811,166.8,125.0,203.5,0.0,977.6,694.1,0.07671232876712329,36.964187312
5.721294899740832,203.5,125.0,203.5,0.0,965.4,631.0,0.2465753424657534,54.598914963999995
5.2574953720277815,288.0,125.0,192.0,0.0,929.8,716.1,0.019178082191780823,21.48062478
5.056245805348308,236.0,125.0,192.0,0.0,935.4,781.2,0.00821917808219178,9.694722036
5.030437921392435,102.0,125.0,192.0,0.0,888.0,943.1,0.019178082191780823,8.374375495999999
4.950885289690482,212.0,125.0,203.5,0.0,971.8,748.5,0.2465753424657534,39.6621069
4.7535901911063645,173.0,125.0,192.0,0.0,909.8,891.9,0.019178082191780823,10.089791784
4.950885289690482,212.0,125.0,203.5,0.0,971.8,748.5,0.00821917808219178,4.827710952
4.808927023502111,183.9,125.0,203.5,0.0,958.2,800.1,0.019178082191780823,10.354550567999999
5.116795489924646,250.2,125.0,203.5,0.0,975.6,692.6,0.2465753424657534,43.565230536
5.31566600488265,305.3,125.0,203.5,0.0,963.4,630.0,0.2465753424657534,51.863763672
5.736572297479192,150.0,125.0,192.0,0.0,1012.0,830.0,0.00821917808219178,11.85209244
5.736572297479192,150.0,125.0,192.0,0.0,1012.0,830.0,0.019178082191780823,17.24379476
5.736572297479192,150.0,125.0,192.0,0.0,1012.0,830.0,0.07671232876712329,27.827251359999998
5.736572297479192,150.0,125.0,192.0,0.0,1012.0,830.0,0.2465753424657534,35.763120119999996
5.736572297479192,150.0,125.0,192.0,0.0,1012.0,830.0,0.3287671232876712,38.70028788
5.802118375377063,150.0,125.0,192.0,0.0,1025.0,821.0,0.00821917808219178,14.306626999999999
5.802118375377063,150.0,125.0,192.0,0.0,1025.0,821.0,0.019178082191780823,17.43684804
5.802118375377063,150.0,125.0,192.0,0.0,1025.0,821.0,0.07671232876712329,31.74347504
5.802118375377063,150.0,125.0,192.0,0.0,1025.0,821.0,0.2465753424657534,37.91428524
5.802118375377063,150.0,125.0,192.0,0.0,1025.0,821.0,0.3287671232876712,39.382869119999995
5.855071922202427,150.0,125.0,192.0,0.0,1056.0,809.0,0.00821917808219178,15.87173752
5.855071922202427,150.0,125.0,192.0,0.0,1056.0,809.0,0.019178082191780823,9.011451319999999
5.855071922202427,150.0,125.0,192.0,0.0,1056.0,809.0,0.07671232876712329,33.60506024
5.855071922202427,150.0,125.0,192.0,0.0,1056.0,809.0,0.2465753424657534,40.65839972
5.855071922202427,150.0,125.0,192.0,0.0,1056.0,809.0,0.3287671232876712,40.85834776
5.472270673671475,150.0,125.0,186.0,0.0,1119.0,789.0,0.019178082191780823,12.052040479999999
5.472270673671475,150.0,125.0,186.0,0.0,1119.0,789.0,0.07671232876712329,17.54026944
5.69035945432406,150.0,125.0,186.0,0.0,1090.0,769.0,0.019178082191780823,18.91232668
5.69035945432406,150.0,125.0,186.0,0.0,1090.0,769.0,0.07671232876712329,25.17966352
5.6937321388027,150.0,125.0,186.0,0.0,1040.0,734.0,0.019178082191780823,30.9574724
6.173786103901937,150.0,125.0,192.0,0.0,936.0,721.0,0.07671232876712329,43.892042159999995
6.173786103901937,150.0,125.0,192.0,0.0,936.0,721.0,0.2465753424657534,54.27555072
5.983936280687191,150.0,125.0,186.0,0.0,1040.0,734.0,0.07671232876712329,36.93522932
5.638354669333745,150.0,125.0,186.0,0.0,1104.0,774.0,0.019178082191780823,14.49968028
5.638354669333745,150.0,125.0,185.0,0.0,1104.0,774.0,0.07671232876712329,22.435549039999998
6.214608098422191,150.0,125.0,200.0,0.0,1125.0,613.0,0.0027397260273972603,12.63809508
6.214608098422191,150.0,125.0,200.0,0.0,1125.0,613.0,0.00821917808219178,26.0621928
6.214608098422191,150.0,125.0,200.0,0.0,1125.0,613.0,0.019178082191780823,33.21205892
6.214608098422191,150.0,125.0,200.0,0.0,1125.0,613.0,0.038356164383561646,36.93522932
6.214608098422191,150.0,125.0,200.0,0.0,1125.0,613.0,0.07671232876712329,44.0919902
6.29156913955832,150.0,125.0,173.0,0.0,1125.0,613.0,0.019178082191780823,52.61391356
6.29156913955832,150.0,125.0,173.0,0.0,1125.0,613.0,0.038356164383561646,59.76377968
6.29156913955832,150.0,125.0,173.0,0.0,1125.0,613.0,0.07671232876712329,67.30664712
6.29156913955832,150.0,125.0,173.0,0.0,1125.0,613.0,0.2465753424657534,69.65776027999999
6.29156913955832,150.0,125.0,173.0,0.0,1125.0,613.0,0.4931506849315068,71.62276688
6.29156913955832,150.0,125.0,173.0,0.0,1125.0,613.0,0.7397260273972602,74.16693332
5.857933154483459,150.0,125.0,203.0,0.0,974.0,775.0,0.019178082191780823,18.12632404
5.857933154483459,150.0,125.0,203.0,0.0,974.0,775.0,0.038356164383561646,22.53207568
5.857933154483459,150.0,125.0,203.0,0.0,974.0,775.0,0.07671232876712329,27.337723399999998
5.857933154483459,150.0,125.0,203.0,0.0,974.0,775.0,0.15342465753424658,29.97841648
5.857933154483459,150.0,125.0,203.0,0.0,974.0,775.0,0.2465753424657534,31.35047372
5.857933154483459,150.0,125.0,203.0,0.0,974.0,775.0,0.4931506849315068,32.72253096
5.953243334287785,150.0,125.0,186.0,0.0,966.0,763.0,0.0027397260273972603,6.26733684
5.953243334287785,150.0,125.0,186.0,0.0,966.0,763.0,0.00821917808219178,14.699628319999999
5.953243334287785,150.0,125.0,186.0,0.0,966.0,763.0,0.019178082191780823,23.221551679999997
5.953243334287785,150.0,125.0,186.0,0.0,966.0,763.0,0.038356164383561646,27.923778
5.953243334287785,150.0,125.0,186.0,0.0,966.0,763.0,0.07671232876712329,31.35047372
5.802118375377063,150.0,125.0,192.0,0.0,978.0,825.0,0.4931506849315068,38.99676256
5.802118375377063,150.0,125.0,192.0,0.0,978.0,825.0,0.9863013698630136,41.244454319999996
5.855071922202427,150.0,125.0,192.0,0.0,1047.0,806.0,0.00821917808219178,14.98920824
5.802118375377063,150.0,125.0,192.0,0.0,978.0,825.0,0.00821917808219178,13.52062436
5.945420608606575,150.0,125.0,186.0,0.0,1047.0,739.0,0.019178082191780823,24.00065956
5.945420608606575,150.0,125.0,186.0,0.0,1047.0,739.0,0.07671232876712329,37.42475728
5.945420608606575,150.0,125.0,186.0,0.0,1111.0,784.0,0.019178082191780823,11.46598588
5.638354669333745,150.0,125.0,186.0,0.0,1104.0,774.0,0.07671232876712329,22.435549039999998
5.82600010738045,150.0,125.0,185.0,0.0,1069.0,754.0,0.019178082191780823,21.160018439999998
5.82600010738045,150.0,125.0,185.0,0.0,1069.0,754.0,0.07671232876712329,31.84000168
5.68697535633982,150.0,125.0,185.0,0.0,1069.0,769.0,0.019178082191780823,14.796154959999999
5.68697535633982,150.0,125.0,185.0,0.0,1069.0,769.0,0.07671232876712329,25.17966352
5.472270673671475,150.0,125.0,185.0,0.0,1118.0,789.0,0.07671232876712329,17.54026944
5.69035945432406,150.0,125.0,192.0,0.0,1085.0,765.0,0.019178082191780823,14.2032056
5.69035945432406,150.0,125.0,192.0,0.0,1085.0,765.0,0.07671232876712329,21.6495464
5.69035945432406,150.0,125.0,192.0,0.0,1085.0,765.0,0.2465753424657534,29.39236188
5.802118375377063,150.0,125.0,192.0,0.0,879.0,825.0,0.00821917808219178,13.52062436
5.802118375377063,150.0,125.0,192.0,0.0,978.0,825.0,0.019178082191780823,16.26473884
5.802118375377063,150.0,125.0,192.0,0.0,978.0,825.0,0.07671232876712329,31.44700036
5.802118375377063,150.0,125.0,192.0,0.0,978.0,825.0,0.2465753424657534,37.231704
5.855071922202427,150.0,125.0,192.0,0.0,1047.0,806.0,0.019178082191780823,18.12632404
5.855071922202427,150.0,125.0,192.0,0.0,1047.0,806.0,0.07671232876712329,32.72253096
5.855071922202427,150.0,125.0,192.0,0.0,1047.0,806.0,0.2465753424657534,39.48629052
5.855071922202427,150.0,125.0,192.0,0.0,1047.0,806.0,0.4931506849315068,41.05140104
5.855071922202427,150.0,125.0,192.0,0.0,1047.0,806.0,0.9863013698630136,42.126983599999996
5.71042701737487,150.0,125.0,203.0,0.0,974.0,817.0,0.038356164383561646,18.12632404
5.71042701737487,150.0,125.0,203.0,0.0,974.0,817.0,0.4931506849315068,26.74477404
6.263398262591624,150.0,125.0,189.0,0.0,1125.0,613.0,0.4931506849315068,61.921839559999995
6.214608098422191,150.0,125.0,200.0,0.0,1125.0,613.0,0.2465753424657534,47.22221124
6.214608098422191,150.0,125.0,200.0,0.0,1125.0,613.0,0.4931506849315068,51.04190828
6.214608098422191,150.0,125.0,200.0,0.0,1125.0,613.0,0.7397260273972602,55.15808
6.29156913955832,150.0,125.0,173.0,0.0,1125.0,613.0,0.00821917808219178,41.63745564
5.529429087511423,150.0,125.0,185.0,0.0,1111.0,784.0,0.019178082191780823,13.71367764
5.529429087511423,150.0,125.0,185.0,0.0,1111.0,784.0,0.07671232876712329,19.691434559999998
5.82600010738045,150.0,125.0,185.0,0.0,1060.0,754.0,0.07671232876712329,31.6469484
5.973809611869261,150.0,125.0,192.0,0.0,940.0,758.0,0.00821917808219178,19.10537996
5.973809611869261,150.0,125.0,192.0,0.0,940.0,758.0,0.07671232876712329,39.58281716
5.973809611869261,150.0,125.0,192.0,0.0,940.0,758.0,0.2465753424657534,48.79421652
5.945420608606575,150.0,125.0,185.0,0.0,1047.0,739.0,0.019178082191780823,24.00065956
5.945420608606575,150.0,125.0,185.0,0.0,1047.0,739.0,0.07671232876712329,37.42475728
5.529429087511423,150.0,125.0,186.0,0.0,1111.0,784.0,0.019178082191780823,11.46598588
5.529429087511423,150.0,125.0,185.0,0.0,1111.0,784.0,0.07671232876712329,19.691434559999998
5.736572297479192,150.0,125.0,192.0,0.0,970.0,850.0,0.019178082191780823,14.98920824
5.736572297479192,150.0,125.0,192.0,0.0,970.0,850.0,0.07671232876712329,27.923778
5.736572297479192,150.0,125.0,192.0,0.0,970.0,850.0,0.2465753424657534,34.6806428
5.736572297479192,150.0,125.0,192.0,0.0,970.0,850.0,0.4931506849315068,37.32823064
5.736572297479192,150.0,125.0,192.0,0.0,970.0,850.0,0.9863013698630136,38.11423328
6.263398262591624,150.0,125.0,189.0,0.0,1125.0,613.0,0.00821917808219178,33.79811352
6.263398262591624,150.0,125.0,189.0,0.0,1125.0,613.0,0.019178082191780823,42.42345828
6.263398262591624,150.0,125.0,189.0,0.0,1125.0,613.0,0.038356164383561646,48.401215199999996
6.263398262591624,150.0,125.0,189.0,0.0,1125.0,613.0,0.07671232876712329,55.94408264
6.263398262591624,150.0,125.0,189.0,0.0,1125.0,613.0,0.2465753424657534,58.78472376
6.263398262591624,150.0,125.0,189.0,0.0,1125.0,613.0,0.7397260273972602,67.11359384
5.7745515455444085,150.0,125.0,203.0,0.0,974.0,800.0,0.038356164383561646,20.77391188
5.7745515455444085,150.0,125.0,203.0,0.0,974.0,800.0,0.07671232876712329,25.17966352
5.7745515455444085,150.0,125.0,203.0,0.0,974.0,800.0,0.4931506849315068,29.58541516
5.71042701737487,150.0,125.0,203.0,0.0,974.0,817.0,0.07671232876712329,21.7529678
5.983936280687191,150.0,125.0,185.0,0.0,1040.0,734.0,0.07671232876712329,39.0932892
6.173786103901937,150.0,125.0,192.0,0.0,936.0,721.0,0.00821917808219178,24.39366088
6.257667587882639,150.0,125.0,146.0,0.0,896.0,896.0,0.019178082191780823,50.511011759999995
6.257667587882639,150.0,125.0,146.0,0.0,896.0,896.0,0.07671232876712329,74.98740975999999
5.60947179518496,105.0,82.0,210.0,9.0,904.0,680.0,0.07671232876712329,37.16965116
5.087596335232384,190.0,148.0,179.0,19.0,838.0,741.0,0.07671232876712329,33.75674496
5.0369526024136295,144.0,112.0,220.0,10.0,923.0,658.0,0.07671232876712329,16.49916068
4.990432586778736,115.0,89.0,202.0,9.0,860.0,829.0,0.07671232876712329,19.98790924
5.0238805208462765,178.0,139.0,168.0,18.0,944.0,695.0,0.07671232876712329,36.34917472
5.736572297479192,143.0,111.0,168.0,22.0,914.0,651.0,0.07671232876712329,33.68779736
4.969813299576001,150.0,175.0,158.0,18.0,943.0,844.0,0.07671232876712329,15.41668336
5.717027701406222,140.0,125.0,214.0,6.0,895.0,722.0,0.07671232876712329,33.41890172
5.924255797414532,150.0,125.0,190.0,7.0,1013.0,730.0,0.07671232876712329,39.05192064
5.0689042022202315,149.0,116.0,175.0,15.0,953.0,720.0,0.07671232876712329,27.67556664
5.030437921392435,239.0,125.0,200.0,6.0,1002.0,684.0,0.07671232876712329,26.8550902
5.736572297479192,143.0,125.0,168.0,10.0,914.0,804.0,0.07671232876712329,45.2985732
5.720311776607412,150.0,100.0,196.0,10.0,959.0,705.0,0.07671232876712329,30.12320644
5.017279836814924,150.0,184.0,167.0,12.0,991.0,772.0,0.07671232876712329,15.568368079999999
4.955827057601261,167.0,130.0,174.0,11.0,883.0,785.0,0.07671232876712329,44.6090972
5.697093486505405,137.0,107.0,201.0,6.0,878.0,655.0,0.07671232876712329,53.52402188
5.771441123130016,164.0,125.0,190.0,5.0,870.0,774.0,0.07671232876712329,57.21271848
5.902633333401366,187.0,125.0,191.0,7.0,824.0,757.0,0.07671232876712329,65.90701084
5.634789603169249,129.0,100.0,172.0,9.0,825.0,805.0,0.07671232876712329,52.82075636
5.529429087511423,97.0,76.0,194.0,8.0,835.0,821.0,0.07671232876712329,33.398217439999996
5.10594547390058,150.0,150.0,182.0,12.0,1023.0,729.0,0.07671232876712329,18.0297974
5.049856007249537,243.0,125.0,180.0,11.0,1022.0,698.0,0.07671232876712329,37.36270444
5.075173815233827,188.0,146.0,203.0,11.0,829.0,710.0,0.07671232876712329,32.83974188
5.697093486505405,150.0,107.0,186.0,6.0,879.0,815.0,0.07671232876712329,42.63719584
5.762051382780177,150.0,126.0,210.0,6.0,861.0,737.0,0.07671232876712329,40.0585556
5.659482215759621,121.0,94.0,188.0,9.0,904.0,696.0,0.07671232876712329,41.940825079999996
5.786897381366708,166.0,125.0,174.0,9.0,882.0,790.0,0.07671232876712329,61.232363559999996
5.87493073085203,150.0,142.0,193.0,11.0,801.0,778.0,0.07671232876712329,40.865242519999995
4.882801922586371,207.0,161.0,179.0,5.0,867.0,736.0,0.07671232876712329,33.301690799999996
5.7745515455444085,149.0,125.0,186.0,8.0,951.0,709.0,0.07671232876712329,52.42086028
5.099866427824199,150.0,200.0,181.0,13.0,849.0,846.0,0.07671232876712329,15.08573488
5.749392985908253,150.0,113.0,170.0,10.0,925.0,783.0,0.07671232876712329,38.45897128
5.771441123130016,150.0,128.0,182.0,11.0,870.0,780.0,0.07671232876712329,37.25928304
4.941642422609304,164.0,128.0,237.0,6.0,869.0,656.0,0.07671232876712329,35.225328839999996
5.662960480135946,121.0,125.0,177.0,7.0,908.0,829.0,0.07671232876712329,42.13387836
5.697093486505405,150.0,107.0,210.0,11.0,880.0,744.0,0.07671232876712329,31.874475479999997
5.579729825986222,111.0,86.0,195.0,6.0,833.0,790.0,0.07671232876712329,41.540929
5.075173815233827,250.0,125.0,168.0,12.0,1049.0,688.0,0.07671232876712329,39.45181672
5.111987788356544,260.0,125.0,183.0,13.0,859.0,827.0,0.07671232876712329,37.91428524
5.62040086571715,116.0,90.0,180.0,9.0,870.0,768.0,0.07671232876712329,44.27814872
5.7745515455444085,150.0,116.0,196.0,10.0,818.0,813.0,0.07671232876712329,31.17810472
5.003946305945459,139.0,109.0,193.0,6.0,892.0,780.0,0.07671232876712329,23.69039536
5.0689042022202315,187.0,125.0,176.0,11.0,990.0,789.0,0.07671232876712329,32.763899519999995
5.564520407322694,100.0,78.0,201.0,9.0,864.0,761.0,0.07671232876712329,32.39847724
5.4680601411351315,92.0,71.0,247.0,6.0,853.0,695.0,0.07671232876712329,28.62704352
5.746203190540153,150.0,113.0,178.0,8.0,1002.0,689.0,0.07671232876712329,36.80422888
5.043425116919247,183.0,125.0,193.0,9.0,1047.0,697.0,0.07671232876712329,18.28490352
4.983606621708336,230.0,125.0,202.0,3.0,827.0,872.0,0.07671232876712329,33.0603742
5.69035945432406,150.0,107.0,221.0,11.0,819.0,778.0,0.07671232876712329,31.419421319999998
4.890349128221754,210.0,125.0,196.0,3.0,949.0,795.0,0.07671232876712329,31.026419999999998
5.746203190540153,145.0,125.0,178.0,8.0,867.0,824.0,0.07671232876712329,44.38846488
5.0238805208462765,150.0,112.0,184.0,8.0,992.0,816.0,0.07671232876712329,12.17614616
5.030437921392435,145.0,113.0,178.0,8.0,1002.0,689.0,0.07671232876712329,25.55887532
4.941642422609304,133.0,103.0,200.0,7.0,916.0,753.0,0.07671232876712329,36.4388066
5.003946305945459,236.0,125.0,176.0,13.0,847.0,893.0,0.07671232876712329,32.956952799999996
5.703782474656201,150.0,120.0,212.0,10.0,878.0,728.0,0.07671232876712329,23.83518532
5.030437921392435,145.0,113.0,178.0,8.0,867.0,824.0,0.07671232876712329,26.22766704
4.997212273764115,150.0,137.0,158.0,16.0,1002.0,830.0,0.07671232876712329,17.95395504
5.786897381366708,150.0,138.0,199.0,11.0,801.0,792.0,0.07671232876712329,40.679083999999996
5.030437921392435,145.0,125.0,178.0,8.0,1000.0,822.0,0.07671232876712329,19.00885332
5.568344503761097,111.0,86.0,195.0,5.0,895.0,733.0,0.07671232876712329,33.7153764
5.062595033026967,150.0,195.0,220.0,11.0,898.0,713.0,0.07671232876712329,8.53571288
5.017279836814924,150.0,185.0,167.0,16.0,1074.0,678.0,0.07671232876712329,13.45857152
5.60947179518496,150.0,90.0,199.0,11.0,931.0,762.0,0.07671232876712329,32.23989776
5.003946305945459,118.0,92.0,183.0,7.0,953.0,780.0,0.07671232876712329,23.51802636
4.962844630259907,169.0,143.0,191.0,8.0,967.0,643.0,0.07671232876712329,29.72331036
5.560681631015528,101.0,78.0,171.0,10.0,936.0,763.0,0.07671232876712329,49.77327244
5.746203190540153,161.0,125.0,178.0,10.0,917.0,759.0,0.07671232876712329,52.44154456
5.648974238161206,120.0,125.0,168.0,7.0,970.0,794.0,0.07671232876712329,40.93419012
5.817111159963204,150.0,125.0,182.0,3.0,986.0,817.0,0.07671232876712329,44.86420332
4.976733742420574,150.0,134.0,181.0,11.0,979.0,812.0,0.07671232876712329,13.19657064
5.0106352940962555,237.0,125.0,174.0,12.0,1069.0,675.0,0.07671232876712329,37.431652039999996
4.969813299576001,170.0,133.0,192.0,8.0,814.0,805.0,0.07671232876712329,29.86810032
5.802118375377063,170.0,125.0,195.0,8.0,811.0,802.0,0.07671232876712329,56.61287436
5.043425116919247,150.0,143.0,193.0,9.0,1047.0,697.0,0.07671232876712329,12.45883132
5.043425116919247,183.0,125.0,193.0,9.0,877.0,868.0,0.07671232876712329,23.786922
4.90527477843843,150.0,166.0,180.0,10.0,961.0,805.0,0.07671232876712329,13.29309728
5.583496308781699,112.0,87.0,178.0,10.0,910.0,745.0,0.07671232876712329,39.417342919999996
5.749392985908253,145.0,113.0,179.0,8.0,869.0,690.0,0.07671232876712329,46.2293658
5.746203190540153,145.0,125.0,127.0,8.0,1000.0,822.0,0.07671232876712329,44.51946532
4.983606621708336,173.0,125.0,182.0,3.0,986.0,817.0,0.07671232876712329,23.73865868
4.969813299576001,136.0,106.0,178.0,7.0,941.0,774.0,0.07671232876712329,26.14492992
4.997212273764115,150.0,182.0,181.0,15.0,839.0,884.0,0.07671232876712329,15.520104759999999
5.6240175061873385,117.0,91.0,191.0,7.0,946.0,666.0,0.07671232876712329,43.5748832
5.697093486505405,150.0,107.0,164.0,13.0,953.0,784.0,0.07671232876712329,35.85964676
5.746203190540153,145.0,125.0,178.0,8.0,1002.0,689.0,0.07671232876712329,41.05140104
5.043425116919247,184.0,143.0,194.0,9.0,880.0,699.0,0.07671232876712329,28.98557104
5.666426688112432,134.0,125.0,195.0,6.0,924.0,760.0,0.07671232876712329,46.24315532
4.997212273764115,175.0,125.0,171.0,2.0,1000.0,828.0,0.07671232876712329,26.91714304
4.976733742420574,150.0,179.0,202.0,8.0,824.0,869.0,0.07671232876712329,10.53519328
5.746203190540153,150.0,125.0,178.0,8.0,1000.0,822.0,0.07671232876712329,25.0969264
4.912654885736052,162.0,126.0,172.0,10.0,923.0,764.0,0.07671232876712329,29.06830816
5.043425116919247,150.0,143.0,193.0,9.0,877.0,868.0,0.07671232876712329,9.735401119999999
5.541263545158426,99.0,77.0,189.0,6.0,919.0,749.0,0.07671232876712329,33.79811352
5.087596335232384,207.0,172.0,216.0,10.0,822.0,638.0,0.07671232876712329,39.84481804
4.912654885736052,196.0,98.0,199.0,6.0,847.0,783.0,0.07671232876712329,26.96540636
5.099866427824199,163.0,128.0,197.0,8.0,961.0,641.0,0.07671232876712329,27.234302
5.087596335232384,214.0,164.0,202.0,10.0,820.0,680.0,0.07671232876712329,30.647208199999998
5.056245805348308,214.0,152.0,200.0,9.0,819.0,704.0,0.07671232876712329,33.05347944
5.003946305945459,153.0,194.0,192.0,8.0,935.0,623.0,0.07671232876712329,24.579819399999998
4.90527477843843,105.0,193.0,196.0,6.0,965.0,643.0,0.07671232876712329,21.91154728
5.0689042022202315,209.0,161.0,201.0,7.0,848.0,669.0,0.07671232876712329,30.881630039999997
4.969813299576001,15.0,195.0,176.0,6.0,1021.0,709.0,0.07671232876712329,15.340841
5.0369526024136295,174.0,185.0,228.0,7.0,845.0,612.0,0.07671232876712329,24.3385028
5.117993812416755,187.0,195.0,185.0,7.0,898.0,636.0,0.07671232876712329,23.8903434
5.214935757608986,86.0,190.0,213.0,6.0,923.0,623.0,0.07671232876712329,22.93197176
5.049856007249537,178.0,187.0,221.0,7.0,854.0,614.0,0.07671232876712329,29.41304616
5.46763811116474,91.7,71.5,246.9,6.0,852.9,695.4,0.07671232876712329,28.629801423999997
5.747161197958146,150.0,113.0,178.5,8.0,1001.9,688.7,0.07671232876712329,36.804918356
5.042133961155627,183.4,125.0,193.3,9.1,1047.4,696.7,0.07671232876712329,18.287661424
4.98292145552874,230.5,125.0,202.5,3.4,827.0,871.8,0.07671232876712329,32.720462532
5.69035945432406,150.0,106.7,221.4,10.5,819.2,778.4,0.07671232876712329,31.420110796000003
4.891100725401066,210.2,125.0,195.7,3.1,949.4,795.3,0.07671232876712329,28.937997196
5.747161197958146,145.0,125.0,178.5,8.0,867.2,824.0,0.07671232876712329,40.925226931999994
5.021245473208271,150.0,111.9,184.4,7.9,992.0,815.9,0.07671232876712329,12.180972492
5.031091302663638,145.0,113.0,178.5,8.0,1001.9,688.7,0.07671232876712329,25.559564796
4.940927881671436,132.6,103.3,200.3,7.4,916.0,753.4,0.07671232876712329,36.443632932
5.0072963928307415,236.0,125.0,175.8,12.6,846.8,892.7,0.07671232876712329,32.96384756
5.703115585668497,150.0,119.8,211.5,9.9,878.2,727.6,0.07671232876712329,23.835874796
5.031091302663638,145.0,113.0,178.5,8.0,867.2,824.0,0.07671232876712329,26.233182848000002
4.997887721273753,150.0,136.6,158.1,16.1,1001.8,830.1,0.07671232876712329,17.959470848000002
5.788429948716486,150.0,137.9,199.0,10.8,801.1,792.5,0.07671232876712329,38.630650804
5.028475212224587,144.7,125.0,178.1,8.0,999.7,822.2,0.07671232876712329,19.009542795999998
5.567962751513666,110.5,86.1,195.4,5.0,895.2,732.6,0.07671232876712329,33.71882378
5.0651234793803255,150.0,194.9,219.7,11.0,897.7,712.9,0.07671232876712329,8.536402356
5.01529110563245,150.0,185.3,166.7,15.6,1074.5,678.0,0.07671232876712329,13.461329424
5.6080055192624325,150.0,89.6,198.7,10.6,931.3,762.2,0.07671232876712329,32.245413568000004
5.003946305945459,117.6,91.7,182.9,7.1,953.4,780.3,0.07671232876712329,23.524231644
4.962844630259907,169.4,142.7,190.7,8.4,967.4,643.5,0.07671232876712329,29.726068263999995
5.560296941647445,100.6,78.4,170.6,10.4,935.7,762.9,0.07671232876712329,49.77327244
5.745883650674837,160.5,125.0,177.6,9.6,916.6,759.5,0.07671232876712329,52.446370892
5.648974238161206,119.7,125.0,168.3,7.2,970.4,794.2,0.07671232876712329,40.934879596
5.8185981490847825,150.0,125.0,181.9,3.4,985.8,816.8,0.07671232876712329,44.868340176000004
4.975353479951616,150.0,133.6,180.8,11.1,979.5,811.5,0.07671232876712329,13.202086448
5.0106352940962555,236.8,125.0,173.8,11.9,1069.3,674.8,0.07671232876712329,37.431652039999996
4.967727793084979,170.2,132.6,191.6,8.5,814.1,805.3,0.07671232876712329,29.870858223999996
5.800606659291741,169.6,125.0,194.9,8.1,811.0,802.3,0.07671232876712329,56.619079643999996
5.042133961155627,150.0,142.8,193.3,9.1,1047.4,696.7,0.07671232876712329,12.459520796
5.042133961155627,183.4,125.0,193.3,9.1,877.2,867.7,0.07671232876712329,23.786922
4.903050083416319,150.0,165.7,180.2,10.0,961.0,804.9,0.07671232876712329,13.293786756
5.5842479059610115,112.3,87.5,177.9,10.4,909.7,744.5,0.07671232876712329,39.421479776
5.749392985908253,145.3,113.2,178.9,8.0,869.1,690.2,0.07671232876712329,46.234192132
5.745244264463795,144.7,125.0,127.3,8.0,999.7,822.2,0.07671232876712329,44.523602176000004
4.981549713201159,172.6,125.0,181.9,3.4,985.8,816.8,0.07671232876712329,23.744174488
4.9684234452869465,136.3,106.2,178.1,7.5,941.5,774.3,0.07671232876712329,26.147687824
4.997887721273753,150.0,182.1,181.4,15.0,838.9,884.3,0.07671232876712329,15.526310044
5.6240175061873385,116.8,91.0,190.6,7.0,946.5,665.6,0.07671232876712329,43.57833058
5.697429000684026,150.0,107.5,163.6,12.8,953.2,784.0,0.07671232876712329,35.86585204399999
5.747161197958146,145.0,125.0,178.5,8.0,1001.9,688.7,0.07671232876712329,41.053469468
5.0447146077491185,183.9,143.2,193.8,9.2,879.6,698.5,0.07671232876712329,28.991086848000002
5.666426688112432,133.7,125.0,194.9,5.5,924.1,760.1,0.07671232876712329,46.247292176
4.995860008514102,175.1,125.0,171.2,2.2,1000.0,828.5,0.07671232876712329,26.922658848
4.979488565099419,150.0,178.9,201.7,7.8,824.0,868.7,0.07671232876712329,10.535882756
5.745244264463795,150.0,125.0,178.1,8.0,999.7,822.2,0.07671232876712329,25.10382116
4.915591745409362,161.6,125.8,171.6,10.4,922.6,764.4,0.07671232876712329,29.073134491999998
5.042133961155627,150.0,142.8,193.3,9.1,877.2,867.7,0.07671232876712329,9.738159024
5.542439324247439,98.8,77.0,188.6,6.5,919.0,749.3,0.07671232876712329,33.798802996
5.608738925969307,105.1,81.8,209.7,9.0,904.0,679.7,0.07671232876712329,37.171030112
5.087596335232384,190.1,148.1,178.8,18.8,838.1,741.4,0.07671232876712329,33.762260768
5.034351820713572,144.2,112.3,220.1,10.1,923.2,657.9,0.07671232876712329,16.503987012
4.987025428457122,114.6,89.3,201.9,8.8,860.0,829.5,0.07671232876712329,19.98790924
5.02256386496153,178.1,138.7,167.5,18.3,944.0,694.6,0.07671232876712329,36.349864196
5.736249664793703,142.8,111.2,167.8,22.1,913.9,651.2,0.07671232876712329,38.215586251999994
4.9670316566141235,150.0,174.9,158.4,17.9,942.7,844.5,0.07671232876712329,15.42357812
5.715711045521475,139.9,125.0,213.5,6.2,895.5,722.5,0.07671232876712329,33.419591196
5.925057614910384,150.0,125.0,190.2,6.7,1013.2,730.4,0.07671232876712329,39.056057496
5.066385309200747,148.9,116.0,175.1,15.0,953.3,719.7,0.07671232876712329,27.681082448
5.027820118850356,238.7,125.0,200.0,6.3,1001.8,683.9,0.07671232876712329,26.859916531999996
5.736572297479192,142.8,125.0,167.9,10.0,914.3,804.0,0.07671232876712329,45.304778483999996
5.7196558238124915,150.0,99.6,196.0,9.8,959.4,705.2,0.07671232876712329,30.12320644
5.016617365773803,150.0,183.9,166.6,11.6,991.2,772.2,0.07671232876712329,15.569747031999999
4.955122584165997,166.6,129.7,173.5,10.9,882.6,785.3,0.07671232876712329,44.61185510399999
5.696422120249909,137.2,106.9,201.3,6.0,878.4,655.3,0.07671232876712329,53.524711356
5.772375266121813,164.2,125.0,190.5,4.6,870.0,774.0,0.07671232876712329,57.21823428799999
5.902633333401366,187.0,125.0,191.3,6.6,824.3,756.9,0.07671232876712329,65.909079268
5.634075062231381,128.9,100.4,172.4,9.5,825.1,804.9,0.07671232876712329,52.826961643999994
5.529825834193874,97.1,75.6,193.8,8.3,835.5,821.4,0.07671232876712329,33.399596392
5.103518288242969,150.0,150.4,181.6,11.7,1023.3,728.9,0.07671232876712329,18.033934256
5.047288611744291,243.5,125.0,180.3,10.7,1022.0,697.7,0.07671232876712329,37.363393916
5.076423034634259,188.0,146.4,203.2,11.3,828.7,709.7,0.07671232876712329,35.314271244
5.697429000684026,150.0,107.0,186.4,6.1,879.0,815.2,0.07671232876712329,42.6440906
5.761736867916757,150.0,126.5,209.7,5.7,860.5,736.6,0.07671232876712329,40.062002979999995
5.660526965985244,120.5,93.9,187.6,9.2,904.4,695.9,0.07671232876712329,43.798273423999994
5.785669634128385,166.4,125.0,174.0,8.9,881.6,790.0,0.07671232876712329,61.23581094
5.874649792516147,150.0,141.6,193.3,11.0,801.4,778.4,0.07671232876712329,40.8686899
4.882801922586371,206.5,160.9,178.9,5.5,866.9,735.6,0.07671232876712329,33.306517131999996
5.776103136235827,148.6,125.0,185.8,8.5,951.0,709.5,0.07671232876712329,52.426376088
5.101085197018328,150.0,200.1,181.2,12.6,849.3,846.0,0.07671232876712329,15.091250688
5.748755840298932,150.0,112.6,169.9,10.1,925.3,782.9,0.07671232876712329,38.461039708
5.772686453303412,150.0,127.9,182.5,11.5,870.1,779.7,0.07671232876712329,37.265488323999996
4.939497266262916,163.9,127.7,236.7,5.8,868.6,655.6,0.07671232876712329,35.225328839999996
5.664348405410794,121.0,125.0,177.4,7.0,907.9,829.5,0.07671232876712329,42.14008364399999
5.697764402330638,150.0,107.0,209.7,11.1,879.6,744.2,0.07671232876712329,31.875164956000003
5.577841251298354,111.0,86.5,195.5,5.9,832.6,790.4,0.07671232876712329,41.542307951999994
5.073923033332174,250.0,125.0,168.4,12.2,1049.3,688.2,0.07671232876712329,39.455953576
5.111987788356544,259.7,125.0,183.2,12.7,858.8,826.8,0.07671232876712329,37.917043144
5.621849091893515,116.0,90.3,179.6,8.9,870.1,768.3,0.07671232876712329,44.284354003999994
5.7751724707428735,150.0,115.6,196.0,10.4,817.9,813.4,0.07671232876712329,31.178794196000002
5.000584958242754,139.4,108.6,192.7,6.1,892.4,780.0,0.07671232876712329,23.696600644
5.069532935343741,186.7,125.0,175.6,11.3,989.6,788.9,0.07671232876712329,32.768036376000005
5.564137192142683,100.5,78.3,200.6,8.6,864.5,761.5,0.07671232876712329,32.401235144
